customer_id,customer_unique_id,customer_zip_code_prefix,customer_city,customer_state
ced59ede5bd404c96ae157e35b6286d7,u8278c84481ef4c408c331471c299418,43906,campinas,SP
cb7bf7e16309047188b386aef9ed0a4a,u085408653d0941c89caf091e8292c72,3671,campinas,SP
cea498c1a065540488d5d103d59c70f6,uc4022639ca154a8d82ca752ad93f6ac,94718,campinas,SP
c278fa96c276c461fb05de9181a71c68,u788209675f55410fbe18891a250d233,36400,brasilia,DF
cfd9c9a8d748f4945a3351829058e7d3,u40c5a462ede04631b47a178d3cd7c1a,37211,curitiba,PR
c72ba9e6770e2457fb0477855dbef3bc,ubbeaabb74f114bb39e469ca754bcf1f,46056,contagem,MG
c12a1461eae6249d89ceb1a562d7a5d3,u4b4dfde0af4849e9aa4a55ae9251308,14176,belo horizonte,MG
c8f7f21ab9587452db59b90fa5283f05,udcfcf647e3894a11b7ca7a30a19013d,7734,santos,SP
cc4e70eabbca24df289ce0376fefc9fa,u855d436d071a446da4d9da044b1d3aa,60049,niteroi,RJ
c1fd51149d5fa41e488e687079bb42ab,ueff33f5be824473e8c663c809e7312b,5278,rio de janeiro,RJ
c7f50fed93f8f4d95a0a74f94198776c,u689a5348c850474fb2afe70daa64ba0,58560,goiania,GO
c8eec34a6676149b59bf8e636db2100a,u2ea8fb2c1e7946c5a01b500444f37cb,36325,florianopolis,SC
c69627afb22b84d25bd7f8cb8c9262f8,ub1cec091c16b40ca85d23c450a27891,16194,guarulhos,SP
c4ab3df331a1548f3863f782405bc606,u29fb7a1ffd3a44bfaba5060bc1d4043,2792,guarulhos,SP
c140b1501fbdd4fae88ced9c41a40f5c,ub5b6ca1304f74063b42abd98915cbcf,32946,brasilia,DF
c68ee869d9722490b9b3fd1bef5b7ee6,ub1b66efbabb74459aa3a5300c3f2cc0,72228,guarulhos,SP
cfb324a2f582a46a4a2d0544dccc01cf,u82811eb8d4514be2a24f9216eda50fb,17547,brasilia,DF
cf123c4d04c4c4be6974ab6e6ca15434,ucdd3b434344b4db1a16da87eb8a3fae,64956,curitiba,PR
c4c6660983cc44d429da268239eee416,u5809985f25bf45cdba19cb872c49d05,70621,guarulhos,SP
cb3ce69ef907b4f17b850d54bcdeb6d4,ub85efe4d03394926a2e34c329f4672a,78014,santos,SP
cb460568af2074d008b515c9e6b5bd41,uea6b054e680445d58279f7d292cd707,98605,curitiba,PR
c83f7534478394ae7913dc801740a636,ub43ff48375dc47508123b895d856281,39680,santos,SP
cda6dc6ed3ba24188ad6e5e425e98922,u9303a4323ff647ef89567a1a53f2175,89395,londrina,PR
c9166f88fc1804b008081df50bdaf2f8,u5a6ac8ab94574db898ed67af56cad14,61852,santos,SP
c0eba6a9fcdf1416ab934fc478a98473,u6d5c0e4a52cf4f95acb7e75b62954bf,13978,guarulhos,SP
c1c60a74f53cb464d91ceb25574d6955,u01e4c19fb03f4148bed3e0fb57fc4ed,13015,porto alegre,RS
c56c857a6ba8244ada2a36c70c14dc33,ue31f8c7f73b64d3080a2e52e063f1a2,23871,belo horizonte,MG
cc52a5f02a801445496814cb25300912,u14e6b2d5a85a463db038505e07235dc,6683,anapolis,GO
cb954c05a998a45b59dbb47369dc4491,ua47e01abcc5446619c716bdaa72c087,60469,niteroi,RJ
ce589e97dda564bd0a13e51acf589ea4,u39625288eecd4e35b8a14f72af840cf,91023,anapolis,GO
ca75d2a2098524ec78a3423b8d70b238,ucbcee783945c4112b7c234123e3ae3e,37512,campinas,SP
ce129a148a0964b5aac66de9bf832f8f,ua3713ada41d340f79dc35f20c0c69a4,83991,sao paulo,SP
c7e583bf11634496b9dfb7a086e406a2,u290793d6dfd94dd7af4f374f66b8e1c,58939,niteroi,RJ
c250f17d94f6647009aa5ffb0477d457,u3a9343b3a6724f31a4a988de8baee0b,16726,sao paulo,SP
c1bb2ff30cc1d4cc5ae3e8dd3eb31f15,u54024ba4aabc4c95a6ad693c49b9546,23527,brasilia,DF
c7a8e8140f66a4552917b23b129a37a0,ua5d999ae3e954b58af10ab400e1e945,31968,porto alegre,RS
cda32cc41055e407284d322f0ecf9d7b,u2bb5a68f1c35489d8b42ac67f1987bd,47129,belo horizonte,MG
c73bbf8234a72457eb516ec418dca17f,uff8554c31fd748f68b344952f97c8a8,9109,guarulhos,SP
c5d7bfbef195e41e4af16f7231644975,ua536cb1fda4d4d6eb2e46f3b49e2c80,38243,londrina,PR
c4f79b3227e4e4749a051dffbc393a37,uec973a4018d14ae2b1c86334dd1948d,97832,porto alegre,RS
c4452424f91ae491684bf0c741b88317,u24f3f96ec48047e6ab1283f7a8974a7,18176,joinville,SC
c144c512b2efd4e63be377f64f84f2ae,u8b7be24172a74ac9887a792fde3c0e2,26430,joinville,SC
c0c26a9ac29c14d4ba9e68b2413be9e1,ueba987459d8a4652916bacdea34c4b4,20313,caruaru,PE
cafce9ae5f7774f32bb7ea7995f0343e,u78fb973fab17455daa81b5084fa6a0c,38601,guarulhos,SP
c682c53ef6b084058b7e1f8195fa9434,u06294157f9dd465a988308a738b6657,15530,niteroi,RJ
cb110c578984f4527b69a879693fe929,ufe1c51789a174f9994d2b0eb3bd710c,3665,niteroi,RJ
c0333dd78dafe42a093809328b301521,u7925eb7781054f839da5f086b863ba4,61899,joinville,SC
ca6a2cd7ab3d149be9df6880a81f44bd,u48f47e70691648309e183dc507f486d,47789,sao paulo,SP
c9df7dc095d3a4320a3a6352a63d2871,u30cfd074adf6450ebd593480d1df76a,95065,niteroi,RJ
cd363af00154d4a6fa29926fb6bf3e83,u5ea524b40379460895c28d3291cbed4,80635,guarulhos,SP
cb1baa291b13d4eb2b1056c60dd6b7b2,ubcaee1a0f86e4b9591a9c4d9be990ec,4396,brasilia,DF
cea4ea7ca2b0b447ba1e969232e3d934,uc063c58f1d2e458aa00cd9dfc72034b,90381,brasilia,DF
caf07d1ccadd64eaf9b18a002f1677b9,u202401b949964293b4235fc10547362,53187,guarulhos,SP
ce2feaba076bf4b638b3ea21b8534eb6,ud2db2def482044d0bca5cba36caf4d5,17274,campinas,SP
c044f2d64bea94bd4bc83f54440f43c8,u726df4430e2145b8a04177be1565dc5,80316,londrina,PR
c595f0b3e949a4a8abc7c5bcaea421db,u9c780213409645e9b1a94c90ac541d2,39985,londrina,PR
c3fc4662aaba14773a60cde597df9b76,u389f0a617477410da1c1544e70bc48a,36058,niteroi,RJ
c8944d672bd6545d9b3e8364f9056707,u9236ae050c2149c6813c320198eba6a,86755,niteroi,RJ
cd8d70309e36b43f7aba352ed06ad48e,ue28e23affb0445cd8ee70831c76d469,90181,brasilia,DF
cd8ee2c17f5534f478cb18532f9decda,u7a64464fc17642a2bf399862cb90e0e,81356,santos,SP
ccbcfd9d7c3b54c5585ac85e780eacab,u1aab505cfd0548799efeb223eacd65f,4492,londrina,PR
c39b9454243ae492b96a758151110a24,u2e03fc3d103c46c19be1b741bbe0882,58807,santos,SP
c40360d7b231b425c9fb5a5a22aa38ae,udaca7a069cf94ae798d692340731475,85319,londrina,PR
cb94bd1880d6d4abf9aa0bc8601b4058,ue0d2eee54c024d8984e7458166090fe,39070,porto alegre,RS
c96cc9ac548984fd7ba030b1a12d79c3,uf5d110cf56a64c24bfbe34618092c95,14178,curitiba,PR
c9b9fa6a6e6ad42ab927a8811e320425,u1fd70c22082745f08321697578f27ad,38941,florianopolis,SC
c355b1dc73dd94c2abf2c77cd625ded3,ue764a4574128411b9b50bacfd579d4e,45185,santos,SP
c281b978ab55644ef9068b9c051be459,u2e05c3b8186547838e4f82c9a7eecf0,40576,goiania,GO
c793b44d06a1e4c72af870d0eaa01692,u2db283755f124c81a99d4d391bf72c2,60634,niteroi,RJ
caeb62e08fcf04938a0fe27967de36c7,ue3a996aff3304496b6c4bdf44ee375e,67255,porto alegre,RS
cb0a753a136ba45f9af352c27d0d24a9,uc6a12914cc334310a55ce1c7a429890,95801,porto alegre,RS
cf766ec44ca86474bb40e99dd8c31139,u226a59ddec3c48fd97390ce3aa3e714,56097,contagem,MG
c9a2cd491196547929c8df1c9a1e400a,uf9336bc941d344778ff3b39dc0eef13,30188,sao paulo,SP
c071eb888b4e4400bab62846b7c08061,u0d2d7b5ee65e4e7f8018cb9e7321b5a,32544,salvador,BA
c6bbcc8b75dc14dc99037b8b5dd5958b,u5526dc06a1ae4fc4bbfcfb28d81b3d4,79370,santos,SP
c66a2086c932649fd8db2bcce33b5006,u6b98ddf6bdcd48babd0869887745bb1,69742,londrina,PR
c28a7b59ddcf64e04aabe8de9cc1d7ff,u1dee565587e7421bb7c13cfe25db6a1,95972,campinas,SP
c72358126f8e2470bb93ca0f4ddce1ae,ud8bf6f980bed488c8d9ee54495f7dd5,32797,rio de janeiro,RJ
c244457415e814eec963ec7d704978f1,uddb9dee3f96d4dfbac4ca738b52052a,6992,campinas,SP
c9fada14cceb44912b6c20bc68cd9ed1,u2cfb6fc3e7f04216b30887df059bad2,65303,contagem,MG
cd680e49238e9490c8f5c24a46991837,u0fd7be1a96a54bc1be7fafa906f029d,87413,caruaru,PE
c8b4bbd4c1ab94ae79d7c54cdd6a378c,u89b129b8eef945818db8a0ee979fc2b,11357,caxias do sul,RS
c1ad89787e26c4ef5812ff7207ff58d4,u0d662e0cb1604eb383fc00a91a2f13d,91739,guarulhos,SP
c8eb5bb5d8bf94739b9092e32761c722,u8236a1bd3edb4f61b753207dff34d88,91349,sao paulo,SP
c319beaf6403144e8a6b5bd7afe7a04e,uc5cc3ee416ce4ecf9765d392fe5ea5c,90088,niteroi,RJ
c71ddcced4fc14caaaddc0904849410b,u79f7450c2e9f407b982747997619b14,68166,contagem,MG
c39aa935f2fb04cf18b75a8b4d6821b8,u7610b53d7e544c88adee078ee02fd92,19198,santos,SP
c426c10f83cb4453ba88d3534987e5bb,u4dda98988510454fbe7a23ff3ef943a,82289,guarulhos,SP
c15fe3c274de142d88958edf94419c3f,u3724f9edef554b3daca15fc011068bf,24583,brasilia,DF
cf71cc985223447a88e86934fbeb3a10,ud5494f51d30540a48b6a37c6191b025,53534,niteroi,RJ
cbba507bc6f4c4815989590fe0575969,u5cb8acadfd34451faf4822938a6dac4,85545,contagem,MG
c6cba5fdd1dbb4e019c4cda594f6776c,u788e6ed10ba2411ebc5bf2c1ee0168a,14703,santos,SP
c0b20446f0edd4b8190b7fa6660e57cd,u2957b79f4b194ab1866a71a68518fd3,45967,sao paulo,SP
ce2a55e24b7a04573b2e245d20de42aa,u66cd41a947254530b0a1aa841e8239c,9200,porto alegre,RS
cca70c7fa29da470f856074381109563,ua3437dd05bbe43eaa30357529afdfcf,49929,campinas,SP
c61c772479aca4cb490212248ef968cc,u079fb73ae4dd49438e0b1559f056e12,18895,campinas,SP
c66f9efd2e68643ba87aea685403479a,u394a17d10e094304b20c2d7cfad8d1c,65921,florianopolis,SC
c9b3c4f43aa2f4163bf05d5c0d4dd147,ue97a5518c1954644b62d731424176fb,32056,florianopolis,SC
c8f56e2aa42764243a5a452490400bf5,u609f5762faf248459306882d7d531cf,90037,rio de janeiro,RJ
c77bce1a6faf84a8ba3978b3c0633fa1,uf99366818d174ee9943e88e31ce0c3d,13202,guarulhos,SP
c7fd1b34141a840868de88fb3b346259,uad9497cb66884c7da7b38147bd9327d,65843,caxias do sul,RS
c3eeca00461ae4b068b3b4c1909b2730,ufcc81de6706441e4802ccb391956a8f,86196,santos,SP
c605084f3933a4d2f9575ff370e4f2e6,u703240b3583140d58156bb3b4783b54,69084,contagem,MG
c0029e571fc6f47428d9e85fd82bb8ad,ue7635962c15443b38e22121c336340e,89753,campinas,SP
c70fb36893da54be4b9b022d4893da6f,u672caca6f4e84646ba0d93ebf19c36a,85491,sao paulo,SP
c3f78fd9505594f158048c33dfc4fd76,ub146b444fc6441419412af8ff875ff8,78847,rio de janeiro,RJ
c216d35c8a18f4ffdbf8715988018f74,u935a8be713f84d339c0420192ce540d,53163,anapolis,GO
ce4cfae7387624912b224f77ab285d3c,u3e5f3de987b6492698b138161f8b31f,9665,londrina,PR
c8d7f479368b340c09dc4bbcdbed9260,u0942e7d257564484a9afc8c2b2d91cf,22884,londrina,PR
cd7276c039c4142f18a77f3bef748912,u0c16ca643e2a4981ab1febd5f20602f,76223,florianopolis,SC
c1bdb49b5540a4d50901fa4a79149650,uc2d84c7c522c44b095ce38927b4b186,42934,caruaru,PE
c4352706cba6d4425b6f180b18c7eec0,u3061cc5559b048ea9cae507dfd745c6,26614,brasilia,DF
c2145a6f33fb2467a90fd7c9576f1365,u9665e2b465124187a2d78b940abc7e0,92861,niteroi,RJ
cadafb516576a4be39b8c7b4bc2a204c,ube10eea3c81945c98010ea708c40807,31619,rio de janeiro,RJ
ca97cbee7c5ae4e7e97ff39f6757fafa,u6d69b75d67694370b4a183e2cb5f759,93367,sao paulo,SP
caf3128f211864f1192fb359f69d4fd5,u3ac3b2da0fdb4ee49c18d59315ec17c,2567,sao paulo,SP
c6ddacf68a3c24748917433f874b8df1,u826c261d7cbf4fa59961cfbf759d6b4,76220,guarulhos,SP
c19b2b67497954026b572322338df28a,udd80ceb37163456bb6b1c9a4914186e,55949,campinas,SP
cf6f7bc8a4a6e4fe2bbaaf0cc0deb458,u3d74eed86d714dc29d005fd8607fe37,36446,campinas,SP
cdefc435c09134d86a650e6655d39a7c,uae8a3ec9137c4d2c888ca3a21066ae0,51911,contagem,MG
cdfcae41d58804ae9a21f10620aa3b18,ud3dc98365ded4491b0ea8a0f1db1908,81495,campinas,SP
c7084b920ea7a44c5ba4a76654271585,u6def9aeda09446eca6fe143dbc0d7ec,58261,joinville,SC
c286484188df746fb8904d5599b54369,ubd63593f0b7347f19cc89dcceb08ed9,52327,goiania,GO
cd504ffbd40f24f4aa31586a26a0ac4f,u8f5773471a9a4fce86d581f6baafc8a,12629,contagem,MG
ccd2fd8f8b0804a56beeb7eaa041b84f,uc19776cd26c24290a6bf23f4502b18b,63847,campinas,SP
c4a45dad812c542dd85a6669524b02b0,u904567b547264a15b7989b6bbcf0549,5062,niteroi,RJ
cd36a45f03c2647f98981438c996208c,u98a5b2a024f3423588ed224e6a478ff,57047,sao paulo,SP
c9ff8ae054b534083b03018d5185412f,uf6d38c9cd732482b9cffc296859435b,50996,santos,SP
cff3b1b379cc041b7960b548e46c1b6b,u6b6d8e6254764e409655c315fb06414,55870,caxias do sul,RS
c687b333d918c4ce882403195024b37c,u92fc9a7c2eda4a33a15f45ea9bee067,90538,niteroi,RJ
c0a60ac481f994638a6b397ad2f857e6,u428315f3bd11455bb5bb803fd083dd1,20424,sao paulo,SP
cfc186653d5904ed58f0d61b6accce7c,u07b43b827e874759838426dee3c0a88,44449,campinas,SP
c6374413daa7246aaa97f31c51195cb3,u15fd8d6a0c0c41d387886c0df38d7ce,98481,guarulhos,SP
c967a3b5b668d42faa38460fe8bd29b4,u36cc28b096dc4aa085f8e9bf5e6f964,75537,rio de janeiro,RJ
c04db15a892ac4b0d8ac9fe105d206b7,u45d83db051f640e484120a3dfb2bd26,34903,sao paulo,SP
cc72b12b6f9fe44e08864bf2249fb93d,u34c281613c9b4e9db2d564299f6119a,34081,santos,SP
ce1bcb23a6fed4040be64a8f204d353b,ub15811402bb142fcabd2ba787e416cf,38051,contagem,MG
c1a5788fa8b864f9ea29a487725329c2,ud5b8da0c21be46fba23b3583a92ec31,55862,guarulhos,SP
ce3aa10d98fc9452dade79775f368a4a,u14de1c85cadb41cf8c81ed87191bf66,34902,campinas,SP
c7a4cdcc7fbb74ba7b1e6eb1d54da91e,ubf8c055d6cda4fed9876f0d3b8649be,26499,sao paulo,SP
c974cad4e69154104a97beebb28b841f,ua8f715edaa21489d970ea8c65e86eee,1617,contagem,MG
c7fb9a217722a42e38bfb254ab4591de,u07e8a481de5547d78890bebc6ee06cf,70603,recife,PE
c6d93be24f30146d8b12a6582e242557,ud47f01eaea9042d6bc00bd5e3e4cefe,91017,rio de janeiro,RJ
c2fd0faba46d64fdfa1584c68865a73f,uf26984d81336467b9e1a269694a9d18,55627,londrina,PR
c08f4b08d520c4b4d96572e23effbd41,ucf817fce479a45149ae8f9c068ff658,14928,guarulhos,SP
cc3e51b852fb946e990bd62418968495,u1ab3a231a00441be9acf744c35dbe25,88690,caxias do sul,RS
c05cff138fb5744b8972a65a9b950b28,uc80c40995160495cb62f9e0540b4aeb,58372,santos,SP
cb5a90b1f922c4a63a9ced3c7502ac13,u7e48563a2b8743d8b377eb833704936,14593,feira de santana,BA
cd522442a7e0c4b34adeabe2f7394e68,u4ebd368144874f18a6b56ffc2505fa8,88797,contagem,MG
ceab15fbaf6c540c9957ab009dd06128,u018f5bebee2748faa35eef6286dfdae,10812,feira de santana,BA
cae13ce7e581041d395e977a03480206,uac6a1e50ba454c6abfda64f42b61203,59598,feira de santana,BA
cd5db77848d6147e78a87cbaf255a1b8,uc1199f9dec4c43e4b96c7bb9542f285,79636,joinville,SC
c1ba6b2748c3c429f8c341eaf10c10cc,u1a8fc2865f2943b5860d97e01029470,15125,londrina,PR
c0f03a0c8bbf04d64a0aa1c4c69b84de,ue7718fb34b4247e5ba1900e8240d37d,24226,goiania,GO
c807cac0221104352a669813747057ec,u46aef6a7790c48c5b43a4b1b43023d2,29487,belo horizonte,MG
ce42c78e241c048bba75df4919446cd5,u149c4224009540e58e90b65f0a077f9,56363,rio de janeiro,RJ
ce6212e80e5704672b1b56fde0fbdf2d,uf9656d706b31407a85d3f9bdab43fa7,30400,joinville,SC
c220bb1eb204349eca84e9fc0e4d6c44,udc4afbeae47d463a90f4694d4517f0c,26362,londrina,PR
c769f18b8d05d48d9a3562baab3452ea,uecee5a2ece864634938af8cf75f938f,82968,contagem,MG
ce98dee71cd314ecd86f92f02a16ad9d,u6a42cfb39a8e4c6b97728b5b716eb89,99652,guarulhos,SP
cd196fde870314ffba6ded9fb06dbf13,u43c4acbad83c4066b213589c5359c3a,39854,rio de janeiro,RJ
c3181b356b2d3492dabef159c6f5f7c6,ud68c4003dcb846f8bcfd5e815cb2931,27945,caxias do sul,RS
cba1222eb51104b489cf8b14ea6d6b46,ude289e7b25e64fbe9055c24d26fc035,52052,sao paulo,SP
c2ad1631845d4484082da57a4ef0a404,uc32fa8ee17704de4af5db065a1d3918,72529,joinville,SC
c8447fa1927864415b95417b7782ce98,ucc98c247ad5c4a79b4e58a99a64af81,19671,salvador,BA
c0af118d57b974cfaa3a88ec8b9dafee,u32515dbd3e7f4042aed8444e8c4101e,81785,niteroi,RJ
c5ec1144706f948cabb5abe28f13c8fe,u6d72490333de4f8ab171a7063e0a0a6,19350,campinas,SP
c82695c62399243ff868d1f61a996128,u3fef35bfa21142cc98efad408053656,78280,santos,SP
c398b491f81be488883af5ff24f28892,uc0af3295efa14125be9e3f487e48e5d,28102,santos,SP
c9d2b5dfb72334952a78e1cf2f38522c,u74e1255ae7f84a679c80d6b95909545,64813,feira de santana,BA
cd1d44df2584e4998b60147c7f21d492,uc5d28428b68046e6a8fc473475b0af8,28617,rio de janeiro,RJ
ce89316bf75c44916a40bd7670b3dcb5,uabc38760c0864c828f30d8247049df8,80498,guarulhos,SP
c3c32e7f7875e465ca3c001de42ae5a7,ua4bd0412ba1849469d49684f2cb6bb1,69512,guarulhos,SP
c39a059cc5ecf4a37a0123b47af61081,u42bb5eb4e9b642e7ba037b4fd8e83c7,64192,niteroi,RJ
cb9610876a4894424838398f902a1798,u7a68f7d977b44946bb072de0ac5148b,86792,campinas,SP
c3d1f25b2da284db79ec83455245833b,u78d7f62a689f463783381ae399e1ef8,41193,santos,SP
c63e1978358a14f689845dd1429dfb1a,u4e15ba55db104cb0a59adc6ec324b13,12939,campinas,SP
c55341d9b0d6d4071b7b3f56c5b9ec4f,u727b196428e04246a1d8c0f9e6b8036,87099,santos,SP
cd3700741488c41ddac81ee80077ab38,uea80d8340e374631b3d2e257b37d74c,9993,florianopolis,SC
c0f322f33b6dd455898193440cff786f,uc170b553d96e46a7afc960fb1d8f248,16336,santos,SP
c8ec3e2e0382449468fd337850b137db,u2ce131f2624a4c54953aecb0fa218bf,92904,campinas,SP
c3f475ac156554d0dbdcb073eb4170f4,uab1a3eca348243808356601139f3375,25925,londrina,PR
c6ad4e623255d4e319fc0e3a2c2c5262,u986490383cba4246a5c8de0aea78445,49653,feira de santana,BA
cff266425834b4361b1f67b0cf20d7b4,ud5e8a1747ae4419c91c4500143e080d,16776,niteroi,RJ
c1b61d67092bc411294b882a5b92cb71,u8229e8e6c2634b438cfa81e0b12bedc,75895,rio de janeiro,RJ
c47802e8b8e194ca7b647fd27db286dd,u52334c271b194feda8cf1183779e323,33895,rio de janeiro,RJ
c46d1b627b59a43149d5bab26623a9da,uabeeef5c2bba4495af28db2fc9c6cf0,23877,contagem,MG
c91686995a26e48f08ed63c654ba9745,u08c0d2f7b71e4123965a11ff9e86f96,30912,santos,SP
ce6b2df1f41814631b72a7a1fd2ac1e6,ua19f349230864e568ffcd24be2a9e40,11494,curitiba,PR
c7fcbd81cf7be46489bc193c17b42d0e,u99263623295b4b488c3bac1979236d6,17569,rio de janeiro,RJ
c3801a9c3dc7f4c3895ba86b97d8b8a2,u121b6cfea0e34fc59c1ba9a360a14c5,55028,santos,SP
c200521abe26846c799711bee4d70d2b,u5fb39b24ebe441ca96ac57b8da43296,74472,guarulhos,SP
c1fc76e364e664d739f5a8ec962cc0b3,u063ccb41a57844a093d0c71a9614f53,24908,salvador,BA
c98b3337329ff43e984b8370ca21f5aa,u6d0cf918f02244da9d08371229e8963,45815,niteroi,RJ
c3c49776efaec4fd6aee00fd63059e76,u015f29398e9f4ce5b2a37fc8302e9b6,97380,sao paulo,SP
c41d37246998841fdaa648eb67e0631e,u9d5578ebf063450abfda496097ef31e,37188,sao paulo,SP
cdc871dfa05fe488cb2c2f491a29cf08,ua4c74ae14d344cd6a172289607f7ab7,85495,brasilia,DF
cfe1f4726a35a4b07b9a0675c792ba10,u1e0a9b46f2b04295b2883f5bd19e3eb,21319,guarulhos,SP
ceaf5fd74831e4f9dbb792310e64bc17,u6bd0b85d40bb46d69204c669e4f2835,21202,joinville,SC
c1cee3e61cfad4b90884bdd64e6f1079,u0e52df9f01da4cc987c310e4d293aca,2715,curitiba,PR
cddc60018324c47c2acd4c443c6693f3,u90f0cc1f558242e1b328644d1c8a847,33605,rio de janeiro,RJ
c007099b57eac41d9ad48f5a2ada0222,ud75df272c2224c35bb9084894dbddd2,47179,niteroi,RJ
c0764daff96cb4f288db7fa4eee964a8,u2fb503e34127464db26d9015faa7998,5543,santos,SP
cd89462c626b64ca898e92e99804d6a8,u515dedc80aaa49579fbc9009b6d74cd,73569,campinas,SP
c53a362004e8647c4afe6451d07a088f,ufc9288d8d1d64b989a4ee053548d5c3,91386,porto alegre,RS
c08d036c0675e428c83fc8b9ccbf54f8,uc1492e3b1ea44535bc4aad89a3cd8c4,75044,campinas,SP
c105bc2313503444f88d444c20472eee,ud69b9051e45e4f6b8c46db35d764f1f,92471,rio de janeiro,RJ
c1d32d81da381466e8fb3eb974080eac,u7dce710836aa43469505d53099cd5c5,78840,sao paulo,SP
c6e6ab65b3c824d178080fb88fde895b,u00a2acc95aeb43d3acba18ff4871ea9,91937,sao paulo,SP
c1c871a871bf94a40881b4d86fd2eb05,u9f6f759596f34072964fac8327fe650,61943,sao paulo,SP
ca8e815caaa884ccaabbe65338d2beaa,ue1192844d7c74a16bc8ac91fba33736,70391,santos,SP
c43401a4d7fa94bfc921b9282371e91e,u469553a3e7dd4648a0d6e76ff2d7183,82988,belo horizonte,MG
c676b39f6683a445a9230fb3f34c5b0f,u040904714f8f4ff9a08f9a4f871522b,20025,campinas,SP
cab5214d8ef2d400bad1e750cd4c10ba,u21b79885f8f14d58a72a6faba4b2ba4,25632,sao paulo,SP
cbea6c62f1a864e909f038b662e8fa1e,u95d6de1d74234931b7f446bbdc1b124,65414,feira de santana,BA
cfff9e83a037742a49f94629e5111fc7,u22f0b45b16ce4e5e8c3e049e63330c6,95398,caxias do sul,RS
c75e922584fb546229d46995e3b19b15,u0c90f555edeb4a928af6a39bccb8bb3,38475,joinville,SC
cda5381b409894fb6af3b78bbecac66d,u03db20ccf5664deb8879ff3a59ba1dc,60464,campinas,SP
cdcfd95b1a607484593249b50f10d96f,u851fbe3ffe654edea60e39b205b2ee7,6754,belo horizonte,MG
c9adaff7cc9314aecace3142f6d96275,u3fe571e197ec413c97fd1b74bdbc59f,66358,rio de janeiro,RJ
c6bde4bf14511456bb512da2c77702cb,u977c4165a0204969974e58833475819,5250,santos,SP
c0ab072a61ccb4ef5a72343f636954e8,u96ab42e564704ed48151b1797582757,28400,sao paulo,SP
cb8e9273247bb4a0c9e652d01931b530,ucf2bf2e419424b889b78b1a2235b612,96575,niteroi,RJ
c5847632d2ca048f79aad48224efd71d,ub5b921b09862496484643c49c2d3f15,2480,belo horizonte,MG
c03d22a0c46f94084931eada50c001dd,uc6aef2eb81ac45b2949167755864739,63193,rio de janeiro,RJ
c0aa108c15a4c4d3bae5f1b357e9b2c0,uee2b84f1a8a6440494ebee4f571de27,45453,feira de santana,BA
c99fa6c080571456ebe9a70f853bf9d0,ufd2f88a1acba434183980ba71ce348f,13137,guarulhos,SP
c17ced4259aa14d76a31dd0ef8963563,ufcbaacbcf8b44f62b0a6d28ea4e810b,6771,sao paulo,SP
cdca11ef934ab4c78900b9aff2fe6df9,ube9e82469e924229a4d67ed9151346f,14418,belo horizonte,MG
c6f9d20fea8b24cec9de7d8037c6467f,ue8ae7a7b3eab42fc871b491939e5c29,93363,guarulhos,SP
c5ff6ccf21c73438798857cc3f6e4ee5,ue2a612d4bcbf4740818392b4be343b4,81863,santos,SP
c5c5ff73e4fb24b588eb2676f96d6e09,u6c437bc60fc14796b00ca1a55c60225,15022,caxias do sul,RS
cbb0b590f9f404a91aa7af27d1161417,u3ec10bca37114da2830e49308a616f8,72372,florianopolis,SC
cc65fd7256ad6405ea6a98fcd3afdf2d,ua51ba8324c2449d09390e50b6fa7518,50664,joinville,SC
c8efaa8fcf21e4dfc8b987a23c394d2e,u45dd8ea9b5ef46f3ac91690564b0381,57980,londrina,PR
cdeb5ddbf910242e68cbffa9fb3968af,ue8d747de2c0c4ee48eedc2b14315b16,58041,campinas,SP
ce82fa971265943dfbccada4c45629c9,u23f31be443144a079481f441afdfa89,60558,contagem,MG
ca8d7a143cea9426ab4629b9a03cf39d,u705f34de71fd4d3aa3bbafc0ca54edf,91504,belo horizonte,MG
cbc7dd22b637a45709fcba025e4024bf,ucc93f1c18f7948a1a173a68ea86ca71,62503,niteroi,RJ
cfa3994bc059c44bfabfacb036bc9183,u34759ce6711d4c648745f3f0ee0fa8c,11074,santos,SP
cb9adf0dbe75f468fa00484f540d3937,u7e2ee732b2ca43df9d130533418add5,21204,contagem,MG
c7c3fc4553b914cd39091f358eed7322,ud998913f1cc14e2582aa53ba0d01d7c,35422,campinas,SP
c077da34e7e6f4384b52da7525743f6d,ubf8d36ef07324abaae457c54781ef83,45224,campinas,SP
c8375f3c7d1834fc69cefcc823a7e3ed,u772a438dfbd5494aa92b3604e16bec8,84634,goiania,GO
c6ecb4b41585541f68af52c23ceeb54c,u8a26ee1ceab24fa99237e80acd2ac89,43389,londrina,PR
c9c353aa152ef4a369ffa8092524944d,u32e28c992b594d709f824a302cfce8e,75887,santos,SP
c0437bb4dbb4e42a6bac9d9586cfb504,uf44ffb3596f1437ebee3db20517b10a,10188,florianopolis,SC
cef0212603cbe4bd7a6f24a1c295a3b9,ue3b3442c00e44104bc5b7ac3cb01d2d,85907,florianopolis,SC
c4c341695aa1b45418a20e504368c67f,uf94265752d6b4c08a2f42ff93d6f167,5679,campinas,SP
cd8f089a1878145a3882757be4e3dfc4,u662b6b5f3ac94b2b98a8140baffc2c2,86699,sao paulo,SP
c63f4cf45dfae40fb803ae9aaef57ce5,u3c90c60885d94dee96f17f5ae88dcf0,89918,brasilia,DF
c5e9428692420466ba2fafda63828dc7,u2db283755f124c81a99d4d391bf72c2,83863,guarulhos,SP
c1631cd6562d14d1388ea8cd3c4f4420,ue1192844d7c74a16bc8ac91fba33736,23878,sao paulo,SP
c8bd23cbc3c3a4ecc9632e511a24338f,u2e95008c849245679232e3772a8a6d6,37231,belo horizonte,MG
c24ab93ae3eae4b00b97b489420c77cf,u617b3ccb7a6d4642abc06013232b13d,68489,sao paulo,SP
caef345a954df45449e9c7798ae55a6b,u14e6b2d5a85a463db038505e07235dc,19997,recife,PE
cbe39223b40e1404db3f6b49faf9474f,uc1199f9dec4c43e4b96c7bb9542f285,84623,belo horizonte,MG
c7ca91085f7ff4faab26022054934b3a,u3046c0e797924c6a94fa847cead4d75,76196,goiania,GO
c64cf0118edd44552ba0c3af0cebe482,u8f5773471a9a4fce86d581f6baafc8a,99707,sao paulo,SP
cd1c659150b264164a3a43f4c83b55dc,u2e95008c849245679232e3772a8a6d6,84021,rio de janeiro,RJ
cafa9ff41e6774a3096568637c4429f8,u08c0d2f7b71e4123965a11ff9e86f96,85957,sao paulo,SP
c6624da29aeca4034a46a29913962d9b,ufe6129e332c44fd4b4cf5be0d9964b6,39307,niteroi,RJ
ce9923181c13d4d75bf77dcefe4b654a,u45dd8ea9b5ef46f3ac91690564b0381,52207,campinas,SP
c943b6d3e0ca3404a91b5ce0c02bf352,u9aef971968d84966bdb1273e6e9301d,85679,santos,SP
c1146cbcfd6b642db96fa6eca0d113ac,u9735ca7209b9418696df0f55c9bb144,23984,campinas,SP
c8073573e149442fa8a6b825b0bcdb59,ub1cec091c16b40ca85d23c450a27891,66459,campinas,SP
c688bd0dc6df5400ba780d495d23f604,u32e28c992b594d709f824a302cfce8e,19274,recife,PE
c4c5b28406a5c445e9620786971b5069,u6068ca2cdc0847da8ecd0dd07cb9b70,65286,santos,SP
c08cb12beba414ebfba5eb1e92b15a0b,ufd2f88a1acba434183980ba71ce348f,96420,guarulhos,SP
c321ecd8832f04748a943be3b2904d6a,uef5fe0f1082d4828bba64c61502184e,27117,recife,PE
ca3a58a2eed4a41eeb644a90bd23595b,u7e48563a2b8743d8b377eb833704936,65472,campinas,SP
c0ded02dbd43647a5af444f60d356648,uc32fa8ee17704de4af5db065a1d3918,91869,rio de janeiro,RJ
c63f3040ee2e84ac2b8303a69ae7a6bf,ud68c4003dcb846f8bcfd5e815cb2931,90780,caxias do sul,RS
cce12c192b6df489e9e425521eeaf658,u7994337c512148509fab779a259536f,74224,sao paulo,SP
c5fd56987117c4b89bfcd88a51280d52,uf9336bc941d344778ff3b39dc0eef13,41295,curitiba,PR
c650aeeda59da47b7a3a7c562306267a,ubbeaabb74f114bb39e469ca754bcf1f,17225,florianopolis,SC
cbb86f121994143068f29022a27ed9a2,ufc7c8a51572146a48365d7a8942901a,37943,campinas,SP
c5aed01c8efec4f6ea15faeefe4b6794,u00a2acc95aeb43d3acba18ff4871ea9,42193,sao paulo,SP
c5a04e9a3d6704befb1d76eb126d64e6,u3fe571e197ec413c97fd1b74bdbc59f,10123,guarulhos,SP
ca18f5f0868bf43b5a261fab1c6fa343,u202401b949964293b4235fc10547362,23114,florianopolis,SC
c0306c5442b6c4888abeaa69ea1e9274,uf94265752d6b4c08a2f42ff93d6f167,20316,niteroi,RJ
c01e9f6ebc3374393915a77ecc48429c,ue7635962c15443b38e22121c336340e,66260,guarulhos,SP
cf4a6b5f9dd8841f4ae5dc2648788df1,ufc7c8a51572146a48365d7a8942901a,15336,guarulhos,SP
c7d56b7712b784ef4ac57178c0ebb01c,uea80d8340e374631b3d2e257b37d74c,77541,porto alegre,RS
caebdb8cc413e4b73942a1056d331f5a,ub85efe4d03394926a2e34c329f4672a,56374,niteroi,RJ
ccbf1f458230c4930820ae8540d07a32,ub5b921b09862496484643c49c2d3f15,84288,sao paulo,SP
cb79e93b261dc422cb9199c86981a29e,u2d76783ae2924f0d98bc2290e31381b,55304,guarulhos,SP
c93549e043d9d4f3682086cca9f9593a,u132b9d2a730447f38d20e185267e4c0,57849,belo horizonte,MG
c8e051ccf95df4f25b3b975d62794404,u2882d001ea1d4e49a8a54f8588890a8,64620,guarulhos,SP
c9c21a602dcb440c3be57c725673d8f3,u00a2acc95aeb43d3acba18ff4871ea9,89037,recife,PE
c8950455dd3934c9e8d4a25e150c849f,u0c16ca643e2a4981ab1febd5f20602f,58602,brasilia,DF
cb7cd1edd17a9404fb884eca5a20df04,u14e6b2d5a85a463db038505e07235dc,89027,curitiba,PR
cd3fcb42a91064a849261e7fba7cb8e3,uc6aef2eb81ac45b2949167755864739,85466,contagem,MG
cf61082cbd22a47ffa5e0ec8767259dc,u0407aca306154e95844f6cedb3e1254,59117,campinas,SP
c8399cd2c92fd4ad49ab8e73295e0ce6,u040904714f8f4ff9a08f9a4f871522b,52576,guarulhos,SP
cebc67fe98958424f96b5a35a2d4fcb0,u3934dc1321f84d859d213fe103a088b,7525,feira de santana,BA
c00c6f6c4cb20487a920173c9c321651,ue764a4574128411b9b50bacfd579d4e,28080,rio de janeiro,RJ
cbc8c706434da4696b36f5b5ad42ebed,u515dedc80aaa49579fbc9009b6d74cd,94498,londrina,PR
c32848c9ca211483bbc3d69344e59774,ub43ff48375dc47508123b895d856281,35116,belo horizonte,MG
c4e17d042ed004b0b957f700917e006a,ucf817fce479a45149ae8f9c068ff658,35500,caruaru,PE
cccb618e5b5584d37b35a087f7d3b2ca,ud25320781209434b87d8288fa480d04,60999,contagem,MG
ca9d8ff8bb9504b01ab017211857cfdf,u29fb7a1ffd3a44bfaba5060bc1d4043,90212,sao paulo,SP
cf0e7a72526704b12b2ea90a22aca50a,u0cd6f51ad88a4d5ebb7dca7d758f407,44178,belo horizonte,MG
cf7581e89282643aaa247fc8c1417ef5,u036d1e71d78647a28d680faceefc8e6,50989,goiania,GO
c0f2a098e3d824cb28f2a4d323a09323,u82a027d7fa5640ddaaa2dd2d96d4cd6,48060,belo horizonte,MG
c0ea9623a11604ad0bcc4bebbfdecf18,u2eb3137a5d4542f483b6d74e3fa4292,90946,campinas,SP
cd3acbf4668d6441cb3d206c2ef4be3d,u6068ca2cdc0847da8ecd0dd07cb9b70,56694,guarulhos,SP
cff2fbfede84a4a648135e91db6f9625,u43c4acbad83c4066b213589c5359c3a,60637,contagem,MG
cb1fa6a1eb67e472089cd7bb1842ec17,u6859802905494736ad2adeea37b4391,48281,brasilia,DF
cb65d01633e4b4a33a36939f22e7cd1b,u6b98ddf6bdcd48babd0869887745bb1,3859,rio de janeiro,RJ
c68902d575a8d4e58837d2e049b0d2f9,u1d5ae2f41d0c48caa965f719dcf6836,39112,florianopolis,SC
c8b585a6856c04ab4beca367356a226e,u727b196428e04246a1d8c0f9e6b8036,58177,rio de janeiro,RJ
c936340ad5aa549088b8bec41878667f,ufb1e69c0678b4b1880a6e6304f48ebf,62908,campinas,SP
c4ed4c702331a4acc90545078604712f,u2882d001ea1d4e49a8a54f8588890a8,66991,salvador,BA
cb24ee1d497fa45c4a1cffbee2ce31f9,uef5fe0f1082d4828bba64c61502184e,14879,sao paulo,SP
c07c5b66bf1a14c41a6c4179404d59de,ue7635962c15443b38e22121c336340e,55493,rio de janeiro,RJ
cbf73d37e8d534355870da4c80f3f0e7,u45dd8ea9b5ef46f3ac91690564b0381,68653,anapolis,GO
cbe491f5f9b61404b9b913be690e1a2f,ufee332557a8849be9f258055f307870,69128,caxias do sul,RS
ca5871e14db67464b965b5dc826f15e7,ufd2f88a1acba434183980ba71ce348f,86033,londrina,PR
ca8b24f450041413e97117c309fb1877,u8c80801a610d479591abb1cca24b9aa,67227,rio de janeiro,RJ
caa5841eab77b48af937d459a3d138be,u8059ba341fa24bfc9228ff7498f8bbb,79059,rio de janeiro,RJ
c6190e56cccb14c6381820fc2a9cd4ba,u772a438dfbd5494aa92b3604e16bec8,11233,santos,SP
ccf7d0e5c5e4447b3b1fc3e57a25ad40,u99263623295b4b488c3bac1979236d6,16566,anapolis,GO
c7433cbf0f1744394961d2adf776b217,u73c1fa3bd2d348848dddfa19afd507c,1273,florianopolis,SC
c88b13864a7a04f6a8521eb8df7ebe1a,u15cf1321c111482b9f0c505fdb2581a,31516,guarulhos,SP
c417abddad7c547348755bdcdfc9a644,u44dfb1d24a6743ac98291b11eca5c24,74315,sao paulo,SP
c2624d6acf2424b3e9a5f83c6e361b17,ucc98c247ad5c4a79b4e58a99a64af81,6896,guarulhos,SP
cb0fa8fc50c0249c3a6c901b9a3bf03a,u458fa4b6961347549c2362ec93c5b5f,81540,santos,SP
c701a04dac89844fc8341432f35a196a,ua3713ada41d340f79dc35f20c0c69a4,73498,guarulhos,SP
c09587e1e0d02443bb715bcded3bcce4,u5fb39b24ebe441ca96ac57b8da43296,23044,belo horizonte,MG
cfc77d09a72d3431dbf19ccce41a0566,u4587ecdd80114afeb249c91b6428e28,67889,santos,SP
c1f7183a0ef2e41fa8bc5799f1ff1ab1,ucc98c247ad5c4a79b4e58a99a64af81,61266,santos,SP
c465afcdc3cbb4f589605ee7b9344ab1,u281629fb8bd847aeb0825ab28b6979a,89112,curitiba,PR
c71395c9cdfa6446dace92ad6528920b,u149c4224009540e58e90b65f0a077f9,29986,porto alegre,RS
c3639083f2139487ca57909e8ced91b0,u1fd70c22082745f08321697578f27ad,17702,joinville,SC
ce02c530b9efc4297aefd2c6fc31b015,u00a2acc95aeb43d3acba18ff4871ea9,90151,guarulhos,SP
c7235be72fd914066be8f74f064b2cf4,u0c90f555edeb4a928af6a39bccb8bb3,33765,goiania,GO
c9cf6f88ad57a4b99bec2d907c3118ba,u2e95008c849245679232e3772a8a6d6,17361,rio de janeiro,RJ
c9bd6502677fd495b86878b0a389b73d,u24107019d6f845559605e3a6d9be1d7,31554,florianopolis,SC
caff5acf45ede4a74883898667e5f478,u07b43b827e874759838426dee3c0a88,64097,guarulhos,SP
cb236641ee1b344bfb5c279bab5d0308,u9c8fbf0784954add8540a78ed0630c8,8157,contagem,MG
c4ef9323306e14958827486811bb175e,u3ec10bca37114da2830e49308a616f8,6530,feira de santana,BA
c1e9737563db742a1acf3a959ac20745,u086e899420ee4326a8e1f59d67b04a1,4890,campinas,SP
c48891defb1be4d1893c7468933f3396,u42bb5eb4e9b642e7ba037b4fd8e83c7,40986,anapolis,GO
cf08038f0f3c64f0cb6b056b4b3e6044,u5a6ac8ab94574db898ed67af56cad14,77981,florianopolis,SC
cb85a502360e647798ad04b1882f7c2f,ud5b8da0c21be46fba23b3583a92ec31,84637,belo horizonte,MG
c6d9f8a67cc3b444db6ac9004b5fc0b8,u6068ca2cdc0847da8ecd0dd07cb9b70,56850,contagem,MG
c69c3e8ca428640bbb3f9c90a85c28a5,ubcaee1a0f86e4b9591a9c4d9be990ec,48216,sao paulo,SP
cb69fb2bd3e354e9e99933ffd75a9420,u4be6392b00d04b6c9718855d54ac6f9,53928,guarulhos,SP
c02d03b0e61804fb1951b635736f3ffa,u21b79885f8f14d58a72a6faba4b2ba4,59978,sao paulo,SP
c40bec7b07a464fc7ad776aab86f7b4c,u226a59ddec3c48fd97390ce3aa3e714,44286,guarulhos,SP
c92106a42fc0f4ccfb4f33401955be74,ua5d999ae3e954b58af10ab400e1e945,51579,caruaru,PE
c114d168ed61e424db779ae27c5a4362,ub146b444fc6441419412af8ff875ff8,27958,santos,SP
cfd280a0ab3784340b15ae23e155e727,ue8d747de2c0c4ee48eedc2b14315b16,6122,rio de janeiro,RJ
ca771b61f4dd446a1b20c1b72212b290,u0fd7bd90457f4d768938d1e2cc365ef,75529,sao paulo,SP
ce6055f5b83974d47b350e54c6a18b4f,ua19f349230864e568ffcd24be2a9e40,14791,santos,SP
c7c85ef4fd4974c8ea30e888781fd7a3,u3fef35bfa21142cc98efad408053656,61849,londrina,PR
c87641434039e4c80b0f3b879ce27cc1,ubf8c055d6cda4fed9876f0d3b8649be,47935,campinas,SP
cdba83648b8b24eb29210e73f3ab7d9b,u5fb39b24ebe441ca96ac57b8da43296,27212,recife,PE
cd6f97cc9f70b47c3af1246d419a868f,u192d6fc2c0694adb887da5a44ebd60d,55484,sao paulo,SP
c3d17a76895384ed0b7f1ea344c0b367,u281629fb8bd847aeb0825ab28b6979a,82777,santos,SP
c8ad79ac2a7ab448da7665aba6991aaf,u6c9cd03f6afd436e9ea8b8b966e2afe,23980,santos,SP
c1010f5561e6a4fecabb9b0154507a24,ucbcee783945c4112b7c234123e3ae3e,66369,santos,SP
ce7495e332e5a4015beba610f78e6f32,u78d7f62a689f463783381ae399e1ef8,71688,sao paulo,SP
c7cc83b6fb6bf4245b4d7247ee059b03,u5a5732e97fd94fe59185da2ac1b1eee,27787,porto alegre,RS
c1ce54771c443464292461c87a52bb9c,u8229e8e6c2634b438cfa81e0b12bedc,22989,guarulhos,SP
ce06c67af1d3f431e8cff4018a891267,uf44ffb3596f1437ebee3db20517b10a,18911,guarulhos,SP
cf1f430498bfb4f2784715c0fa49bf13,ue0d2eee54c024d8984e7458166090fe,75135,campinas,SP
c0356b031dd25443a8e23f050801b536,uc19776cd26c24290a6bf23f4502b18b,48371,rio de janeiro,RJ
cab25a680137648a7aed2a4adc84b5c4,u0c90f555edeb4a928af6a39bccb8bb3,56950,santos,SP
c1a09b46983ff480fb074db2aceae63c,u2c4c9b6f24a54a2f827103cdca58617,10154,guarulhos,SP
cace712733c814d379328cd997c87f90,u9f6f759596f34072964fac8327fe650,82844,rio de janeiro,RJ
c13de0c5566d6471b8cc59cf6d3d6d9b,u788209675f55410fbe18891a250d233,69167,santos,SP
c7d0730d9983846e982689dca6a204ed,u29fb7a1ffd3a44bfaba5060bc1d4043,70550,contagem,MG
cae234f1701f54620a785038ccd390d4,ua362eca282b74db1bf211d8728cc21c,97243,caruaru,PE
c205c002d64c04d1bafc1046a0fb8b9d,uf44ffb3596f1437ebee3db20517b10a,32575,curitiba,PR
c2a80347638214dfba1407a1566a6083,ub5b6ca1304f74063b42abd98915cbcf,43795,guarulhos,SP
cbab5d7f3ca634ab4b8bf094c78feb24,ub5b921b09862496484643c49c2d3f15,30301,caxias do sul,RS
c550813473b554e0581a2f971a674b27,uc32fa8ee17704de4af5db065a1d3918,90037,florianopolis,SC
cad8b147b153642a18c5e60800952cd2,u705ec336b039462989e45688e46a882,93605,guarulhos,SP
cc26a1d7dd800467298a4a9179736d26,u90f0cc1f558242e1b328644d1c8a847,89853,guarulhos,SP
c2a053db43ba64d1a8ac080fbd185480,u5526dc06a1ae4fc4bbfcfb28d81b3d4,99091,campinas,SP
c9dddd126bfbe44428986621aef366e5,u515dedc80aaa49579fbc9009b6d74cd,91175,rio de janeiro,RJ
cc0f25b44bf594c3a95ffc7e84b685dd,ueba987459d8a4652916bacdea34c4b4,85070,campinas,SP
cf809c9d9ba184fab958f3d5854a1849,uf5d110cf56a64c24bfbe34618092c95,9322,campinas,SP
ca33ab6de517f499f8e688de3e4c2591,u80a6e752180841539cacbc157fae1cb,42195,rio de janeiro,RJ
cba04a0515db04ad39b90688da31f06d,u212799a04a6f4dafa34f53a04625d2f,28504,rio de janeiro,RJ
c4e9e3ac04418453d99d2544a1505e69,ua51ba8324c2449d09390e50b6fa7518,34315,guarulhos,SP
cdee1f29deb864445baf0f0086b30909,uec973a4018d14ae2b1c86334dd1948d,70660,sao paulo,SP
c11ebbe6bad65464b866941bf43a3f55,uf9656d706b31407a85d3f9bdab43fa7,65175,belo horizonte,MG
ce3436900dcf34c14bfe5fd5ae2bbba4,u8a26ee1ceab24fa99237e80acd2ac89,34955,belo horizonte,MG
cfbfc5efccc184f43aa87bd7df57e506,u422f75b93db247e39823557d4b22747,38594,niteroi,RJ
c35dc2eaff62b4c2784df05c3e309f1f,u02d7e31013d9439587071ae948a49aa,2401,anapolis,GO
c9c48ae04a88b4cc5859cc2ab5ac7905,ue8ae7a7b3eab42fc871b491939e5c29,89410,brasilia,DF
cd94e76a5836b4e0098784010c48be95,u34c281613c9b4e9db2d564299f6119a,97734,guarulhos,SP
cfb19c79c57af4f97b9ca48632a587b0,u149c802eebc04e0e9db9463cca18853,47469,sao paulo,SP
cec1935fa09d544f49677843dfcdc269,uc6aef2eb81ac45b2949167755864739,58587,belo horizonte,MG
c6574209df1bc4e819e2acc1fb09aa8e,ub266e75dda5d4136974f06e7da01a4d,94627,porto alegre,RS
ccec5ae89ed894a07ad4ef94f171ad41,u40c5a462ede04631b47a178d3cd7c1a,38940,niteroi,RJ
c35301670ec7d4a89b53c2f6e4e3b736,u2957b79f4b194ab1866a71a68518fd3,78489,campinas,SP
c99ceb730d9ac4e1793b5237e875aaba,u851fbe3ffe654edea60e39b205b2ee7,40883,belo horizonte,MG
cc927f1d5475e44f1a42aa601a999b29,u66cd41a947254530b0a1aa841e8239c,7832,santos,SP
c5065943fa59a442ca418559b9ba60ad,u3bc9edd79647400192379552a9a6d09,70319,joinville,SC
c40a6658c4e344197ae069173e6df8ca,ubf8d36ef07324abaae457c54781ef83,27476,brasilia,DF
c5c592ee353404b5db3f39a14a50c79d,ud4652c4e34074227bd5014ef71c4b66,38965,brasilia,DF
ce31012d5d95c4ffc9341099f053f6ff,u6459c8801caa4deab8fdc7ff7043f12,80589,santos,SP
cea3152d2c5fa44149efed3dfb2e79e6,ud47f01eaea9042d6bc00bd5e3e4cefe,36446,goiania,GO
ca173c9525ebc46fe9f02cf2c6fa4aea,u6459c8801caa4deab8fdc7ff7043f12,95712,contagem,MG
c53ca1c9f27d346a5872fc660cce4d65,ua3437dd05bbe43eaa30357529afdfcf,24083,porto alegre,RS
cde7c560d942d4ea893cd55008b4a5ec,u0a80f37c1e9e4d7d8cc2a26c2fa4632,2545,florianopolis,SC
ce73a01df8333451c9f4c923f7807055,u78fb973fab17455daa81b5084fa6a0c,63970,guarulhos,SP
cbb616efd4b764a61b9dde5f1333922d,u826c261d7cbf4fa59961cfbf759d6b4,20316,niteroi,RJ
c2f91fd0610ba498887e458b16b3b916,u788e6ed10ba2411ebc5bf2c1ee0168a,44888,rio de janeiro,RJ
c99661121771940c081222d25579e683,uffc7de8cbddb42b8a76daf6ac5eae6f,63709,florianopolis,SC
c37173455dc824f098988914bed18273,u0b43783f5f0e44fe8651b41811abba0,44707,porto alegre,RS
c58447d0d4d134e1aaf8910d49e280a0,u855d436d071a446da4d9da044b1d3aa,63118,campinas,SP
c9302a24a43ae417580a5e2da495d1be,u0fd7be1a96a54bc1be7fafa906f029d,48873,campinas,SP
ca56187267bf7496e8e8e013c1f1c3e3,u0d662e0cb1604eb383fc00a91a2f13d,56524,guarulhos,SP
c0a765f229f794565bc9cf44908ec5e9,u4be6392b00d04b6c9718855d54ac6f9,74307,florianopolis,SC
c23bb31c23438495b8d565a89368e0ff,u726df4430e2145b8a04177be1565dc5,79264,sao paulo,SP
c079c36913df841cc8c3d2b1245f1322,udf1b9d9cf9fc4ec1bd7271e2d68b266,99545,guarulhos,SP
cbcf47a069d644b16a0966865f17fe99,u09efeee03035489b9ccb1ba4a0334b9,29265,campinas,SP
c6b7f74400d044db19a8845bb173fb17,uea6b054e680445d58279f7d292cd707,90505,caruaru,PE
c0b140ac962b54fd29e4c2c729c01c74,ufe1c51789a174f9994d2b0eb3bd710c,94146,guarulhos,SP
c8821a253f43f45aeaed226cdbde79ff,u5fb39b24ebe441ca96ac57b8da43296,55158,guarulhos,SP
c2a5fa1b6ebf04502b6880cd8afd9be5,uea80d8340e374631b3d2e257b37d74c,85211,niteroi,RJ
c15359d68f60146ac892f758085d0144,u7e2ee732b2ca43df9d130533418add5,28979,santos,SP
c7db816d371c444428692b9b5aced159,ud8c52a15e26b4086b5595471daed634,56013,rio de janeiro,RJ
c6a56208df05e4d4f95053e3b19246e6,u4be6392b00d04b6c9718855d54ac6f9,79266,campinas,SP
ca5577639c0344c0fa09c36a0fb5bb4c,uf5d110cf56a64c24bfbe34618092c95,84744,belo horizonte,MG
c8a7ea0b76c4e4b3cafe0afac838e227,ud905adbac0d043c3a897f5369914657,17350,caxias do sul,RS
cabaa6925f8ab47d28d709f6165e4c76,u03ac0ef23f0442cbb410bfc3344dfc1,38125,rio de janeiro,RJ
c2b8a4ffaaade4d93addaaad2539f210,u7e2ee732b2ca43df9d130533418add5,46955,anapolis,GO
ca1d38540d66a45e4b233128ffe5654b,ufbd08f6fa79845778058dacfcd24c24,69021,santos,SP
c8e186533458d4cb1831fffd4cffed50,u957739a91086458ca2fe026927e3b87,76619,guarulhos,SP
c42ea4be738874fa784df811c7dc5f24,u524b002bdcd64875868e32cae4a4971,98299,campinas,SP
c57e0736fc45549999f0bc2102893c58,uf9336bc941d344778ff3b39dc0eef13,24675,sao paulo,SP
cc08a6bc209ac40caa70ef254556c339,u788e6ed10ba2411ebc5bf2c1ee0168a,83734,belo horizonte,MG
c82f89478c57e4798bb0916eb6833cf2,u3061cc5559b048ea9cae507dfd745c6,19161,campinas,SP
c50967effd57949929e906c51e7650a0,uea80d8340e374631b3d2e257b37d74c,86449,londrina,PR
c65cc7594065c4f9cb686ff4cb273e47,ubf8c055d6cda4fed9876f0d3b8649be,82646,porto alegre,RS
c20427a1745f240999a0febe35093e4e,u132b9d2a730447f38d20e185267e4c0,25368,santos,SP
c66295cd592424d44ae6142d4243e6bf,ub1c607d7afda48bfa498d9b889b47fe,74525,santos,SP
cc926c6d760644379ad983cdf8987590,u8a364d1977ed40debf32bcc9680fba9,3337,sao paulo,SP
c93bb42e109844a7db4e266acbb25d53,u80a6e752180841539cacbc157fae1cb,65725,florianopolis,SC
cefd98fa21ae049a3a59797104f4095b,ud2db2def482044d0bca5cba36caf4d5,91124,brasilia,DF
ce543897d36f445af9198e0a9d87af80,uc5cdc4f1462b43078e13332f38f48ef,55171,feira de santana,BA
c6671d1dc5380489e827a6bfa65fdead,ub266e75dda5d4136974f06e7da01a4d,2720,campinas,SP
cfa1cc9ad4be5417092daac9bb522f79,u394a17d10e094304b20c2d7cfad8d1c,56455,campinas,SP
c1fc57e0ca8a245a7be9a9c6000a13f5,uc5d28428b68046e6a8fc473475b0af8,36728,santos,SP
ca64b52365fbb44509ca155c244cfaac,u5809985f25bf45cdba19cb872c49d05,32295,belo horizonte,MG
c73374e3501644544876506724cdcdeb,u8a26ee1ceab24fa99237e80acd2ac89,91169,florianopolis,SC
c3d83d251f67449cabcae3605e003e53,u7b890496736a4af5b485b635d84da83,33441,guarulhos,SP
cfcdce22a1a6b4a1ea5ce78e166ecddf,uabeeef5c2bba4495af28db2fc9c6cf0,47219,niteroi,RJ
c27038967b9e34e3591ab359b06d71bf,ud4652c4e34074227bd5014ef71c4b66,48109,brasilia,DF
c2ed22b549b8b47beb5b0f1d8cf3f3c2,uecee5a2ece864634938af8cf75f938f,76958,santos,SP
c45922caf748d46a8ad701c6edf00fdd,ucf817fce479a45149ae8f9c068ff658,17178,porto alegre,RS
c94b76735ebd14f13826c36464fde2b3,uab1a3eca348243808356601139f3375,89932,guarulhos,SP
c50611be905a145949f9f1cadc2877e3,u69226103bf2b46a0a4a42ed1dd4a672,61444,goiania,GO
cb53ee2028f724a7e9db56f55374c033,ud3f557d1f0334cf9a82420b67e3f73c,8017,feira de santana,BA
cc488d28207eb43fc83255e35bc1db4b,ua0476f21cff4470eb621adaf3571e4b,7949,florianopolis,SC
c37a2e8df2e7c4ec7b469115fa4e038d,ud2db2def482044d0bca5cba36caf4d5,67296,niteroi,RJ
cecaf5c039f4a403faee8469d4a6142d,u60cf084b5f0140c69b4e9c5ac4d5ae4,68045,campinas,SP
cf0b72c733a47463e83fa1c4f62ae4a9,ucdd3b434344b4db1a16da87eb8a3fae,87139,contagem,MG
c1179edbdb0d54c25bc1e973ee4a346d,u42bb5eb4e9b642e7ba037b4fd8e83c7,19355,niteroi,RJ
c9076c475920947be8062db88820e16f,ub1c607d7afda48bfa498d9b889b47fe,92457,santos,SP
cc85d9469206542a885b929308ad8edb,u6def9aeda09446eca6fe143dbc0d7ec,23806,guarulhos,SP
cec12cc6e3d2f44829d14a2ee97f5cbf,u2c4c9b6f24a54a2f827103cdca58617,38498,rio de janeiro,RJ
c215ba776ce294518a12548c10532054,u524b002bdcd64875868e32cae4a4971,66647,caxias do sul,RS
ca8329553b6b544c9b494fdcf7139f13,u4ebd368144874f18a6b56ffc2505fa8,33949,anapolis,GO
c4ed62b19f7cc4f45b13faad4b69ceee,u22f0b45b16ce4e5e8c3e049e63330c6,44848,sao paulo,SP
ca39e790c3d714b1cb991cd621a91980,u2857ee359f324c398d89d863ff485b0,63599,santos,SP
c08b6f2b80a4c46d7908ab882ddbf7a1,u1aab505cfd0548799efeb223eacd65f,49196,caruaru,PE
c9da19adf4c674ac4b2ff898dadb7add,u5a6ac8ab94574db898ed67af56cad14,2952,brasilia,DF
cf0ae9f5c188745428eb10605f880a4b,ufcbaacbcf8b44f62b0a6d28ea4e810b,49094,londrina,PR
ce765e46264c84a09beeaeee19e5c8e4,uee2b84f1a8a6440494ebee4f571de27,60475,belo horizonte,MG
c0027614e96404e0ab00ecd952a619de,uba396b384784465faa7750447f0b0e0,40996,sao paulo,SP
c51c6fdab9ac040c5b8c4bc6ab812773,uc2d84c7c522c44b095ce38927b4b186,45688,joinville,SC
cd224f6e7e54b4ea6b94500e4bc2e9fc,u9d5578ebf063450abfda496097ef31e,32224,rio de janeiro,RJ
c6d8fab0c82d043879976b0b3a203bfa,u13012f28e0704b4ca69bc21a2905327,35670,campinas,SP
c9daba48de0ea4e009142fe42f36b74e,u617b3ccb7a6d4642abc06013232b13d,65871,campinas,SP
c272212db74a14c1fb3149bd2dbcedf5,u855d436d071a446da4d9da044b1d3aa,47312,curitiba,PR
c425f863dd9cd4e7aa0ebaed903f0490,u7f19d6de2de94d558cc834442d4d7b8,39543,sao paulo,SP
cf520427d0d9a4d6aa9ded80bacf9ec2,u24f3f96ec48047e6ab1283f7a8974a7,30436,anapolis,GO
ce912ea14e5cf426c89adf6e93b5f8fd,u7a64464fc17642a2bf399862cb90e0e,59328,londrina,PR
c5e355b74eed542a6950b9c678623f5f,u212799a04a6f4dafa34f53a04625d2f,38602,santos,SP
c4474adbaec0442678d519beea20a414,uff8554c31fd748f68b344952f97c8a8,70377,guarulhos,SP
c9ba79c381e214ab9afbdc99bb789487,ub5b921b09862496484643c49c2d3f15,63535,campinas,SP
cb11fe965025d4150b5c8650584955b4,u74bfbdedd48245cf84ed6cb4d8841a5,74941,guarulhos,SP
c7ebd2d0b92f64104bfa879be3704679,u7e48563a2b8743d8b377eb833704936,35003,goiania,GO
c3d9a181943f94546af8fb821650ffea,u389f0a617477410da1c1544e70bc48a,16720,londrina,PR
c2ac4373e56614f4f881aaae13644c8a,u232b7bc94c224bb1b827951eda5393b,25955,rio de janeiro,RJ
c6fb69ff08dbf49029d8b71a6ad1e708,ub85efe4d03394926a2e34c329f4672a,35481,guarulhos,SP
c57001255e12046c8bf07aad907c890e,uef5fe0f1082d4828bba64c61502184e,55997,joinville,SC
c9637ba55674f49d595a9c9de5ed524a,ud5b8da0c21be46fba23b3583a92ec31,54609,rio de janeiro,RJ
c8231c1c106bf40d0b60ab8086ba3253,u79f7450c2e9f407b982747997619b14,82957,rio de janeiro,RJ
c971ff544e1e446cfba8a7722174d777,u5fb39b24ebe441ca96ac57b8da43296,29261,campinas,SP
c7db47fb64fa6444eaffa4acc70d5691,uc1492e3b1ea44535bc4aad89a3cd8c4,98062,santos,SP
c0f48c2cfc78c46baa9576402e69ff4c,u3bc9edd79647400192379552a9a6d09,36920,guarulhos,SP
c30b31253abc8458e908ca471646e92b,ua3f50981e1844a45bd7d603bee48d84,3256,guarulhos,SP
c36e584a619d0467b8c706617aefb14d,uf6d38c9cd732482b9cffc296859435b,53847,guarulhos,SP
c80836a6e0d394b2a9550c3f33050362,u733c63fa7bb944559a9b62daedaaa65,86460,rio de janeiro,RJ
cfbee0732f10146e6a158061db338010,u4dda98988510454fbe7a23ff3ef943a,69758,contagem,MG
c28ded7f7a1e642b4a8f376382f2d40f,u23f31be443144a079481f441afdfa89,44276,campinas,SP
c2065bbe8dc544b1694dc86e531f0467,ua8f715edaa21489d970ea8c65e86eee,56858,santos,SP
cf6da044bef864bd4a61bacdf7b04d78,u74e1255ae7f84a679c80d6b95909545,78616,contagem,MG
c4b859381c51f4e2aa006c9ae28985e4,u46aef6a7790c48c5b43a4b1b43023d2,16374,rio de janeiro,RJ
cbf516f52adc8418aa33a9a48dfdbfe0,u3c90c60885d94dee96f17f5ae88dcf0,33838,curitiba,PR
c4b89f2c2a1a9474abf16a1a73c57506,uf99366818d174ee9943e88e31ce0c3d,41683,santos,SP
c5e6510efe5da49b3a83c8498535d2a7,ucddd1b9589c544c0831d11f24e1fea2,65264,belo horizonte,MG
ca5372f256b694d7ea3b52cf12b0747c,ud47f01eaea9042d6bc00bd5e3e4cefe,26451,brasilia,DF
c2c48ee37ab3341cda9c94a87525de2d,u3724f9edef554b3daca15fc011068bf,37113,rio de janeiro,RJ
cebc79cf7f2164223a85460e1ef30ff4,u06294157f9dd465a988308a738b6657,78483,sao paulo,SP
ccffd03660bc942028046657d2695bf0,u703240b3583140d58156bb3b4783b54,39657,santos,SP
c693e475c6f374f63bac08009c21e25d,ud905adbac0d043c3a897f5369914657,98403,contagem,MG
c23a64accee074021bcee933cc88609f,ud2db2def482044d0bca5cba36caf4d5,2035,belo horizonte,MG
c343dea0b6846479a9660124aab1d469,uc19776cd26c24290a6bf23f4502b18b,49918,santos,SP
c3e73302e0e784b21bfd810f25d7cb95,u57d8439c02c64b47b07fd55f92c36e9,75447,campinas,SP
c81a736ecc2a943dabd97d56c58cc802,u672caca6f4e84646ba0d93ebf19c36a,95913,rio de janeiro,RJ
c55cfaf40fe4344d4a8f033312ee211d,u1fd70c22082745f08321697578f27ad,18501,guarulhos,SP
cb3e408c657294c738244ffcbc2de311,u7dd9d1ae3aea4662a21b970d6e429d6,53190,belo horizonte,MG
cbf86167529314453b9a5c2d97b66d39,uff1d36290ca346d5839ef46949d1d12,61938,porto alegre,RS
ce11747286ea74185854f77f61868784,u7a64464fc17642a2bf399862cb90e0e,60017,contagem,MG
cc57978b928744366b53b6d2bb24ac61,u6d5c0e4a52cf4f95acb7e75b62954bf,6222,rio de janeiro,RJ
c3aefd690b3414fb38455f2a2be1f579,u986490383cba4246a5c8de0aea78445,70634,joinville,SC
c3b361a60652d4c1bb3fb63eb11804d4,uea6b054e680445d58279f7d292cd707,49863,sao paulo,SP
c690775a5c5c0479e8658873b3b66965,u36cc28b096dc4aa085f8e9bf5e6f964,81685,brasilia,DF
c6c54cbf9dc2945ff9c36153738baa9b,ue764a4574128411b9b50bacfd579d4e,61613,santos,SP
c9d56a137c76a42f7902dd93d09b9474,u23f31be443144a079481f441afdfa89,66401,salvador,BA
c17a486aea12e4c14b668ba8c8685d85,u2cfb6fc3e7f04216b30887df059bad2,22854,contagem,MG
c90026987b31d4132b584a0698999320,u474c777e616d4d008bed8935a0fa5aa,97267,joinville,SC
cc386914ce40840cdb0e389612c45896,ue2a612d4bcbf4740818392b4be343b4,24281,guarulhos,SP
ca52f49dc3c5346db89c485bd9168d29,u524b002bdcd64875868e32cae4a4971,3992,joinville,SC
c3e392766aabc45538583696cd31a061,u703240b3583140d58156bb3b4783b54,39401,sao paulo,SP
cad2d845f636d4aa9a5d170067bc4adb,u149c802eebc04e0e9db9463cca18853,1902,brasilia,DF
c0bf01d6c279e425384e49e0e06da2b6,ufc9288d8d1d64b989a4ee053548d5c3,68051,londrina,PR
cdc7b1168c38f429aa0a878e0f03308a,uff8554c31fd748f68b344952f97c8a8,93940,niteroi,RJ
c37d0214d388847ae973ef1f4c331e91,udc4afbeae47d463a90f4694d4517f0c,21749,anapolis,GO
cd8d53824e32642b4ade286bca0494ee,uff1d36290ca346d5839ef46949d1d12,82062,campinas,SP
c625cbc7a21c649bd966657598f630c9,u1dee565587e7421bb7c13cfe25db6a1,96520,sao paulo,SP
c2bc252b15aee45869d7743160ebf836,ua47e01abcc5446619c716bdaa72c087,69543,rio de janeiro,RJ
c9d1ccfcce87a4e5b85f9a83227bc2d0,u149c4224009540e58e90b65f0a077f9,30830,campinas,SP
cbf943a5ea61049c09c9bb27c5c776cc,u977c4165a0204969974e58833475819,15617,feira de santana,BA
c75934f88fe98469f9e1cceee8b9cb56,ua8f715edaa21489d970ea8c65e86eee,66937,londrina,PR
c9c7ac4b5444244f2aec944baef5240e,u7e2ee732b2ca43df9d130533418add5,24435,rio de janeiro,RJ
c35249f3f476a4fac886916def409b71,u7dd9d1ae3aea4662a21b970d6e429d6,89065,campinas,SP
cbc2831c191a3453b92550a7da73394f,ub7afe7667407471a80a49c43a509fc8,53963,sao paulo,SP
c02f314cd06c64bafad53767944c3123,uc2d84c7c522c44b095ce38927b4b186,58685,contagem,MG
cad6f29e71f104f6d9be14dd207e2d6f,u1ab3a231a00441be9acf744c35dbe25,18600,sao paulo,SP
c7200d76af70e4e00a0a51ed66e0801e,u27344a8dea324d9fb8850c480f40498,92652,santos,SP
c5dc93aa37775458293aa5c62e65cc87,u6d5c0e4a52cf4f95acb7e75b62954bf,8901,caxias do sul,RS
c9d7564f798f34ad78c0b781277c6b19,u422f75b93db247e39823557d4b22747,12498,niteroi,RJ
cd95650586d52425d9c6b3fa0d005bda,u689a5348c850474fb2afe70daa64ba0,39510,sao paulo,SP
c466dccaa4ba94968b4a84a8720b49c7,u6b98ddf6bdcd48babd0869887745bb1,24800,sao paulo,SP
ce41338c542484c1b8c80fc4aecdd6e1,ue7635962c15443b38e22121c336340e,56611,santos,SP
c50bedd43ffad492fb6c1720508c06d5,ud5494f51d30540a48b6a37c6191b025,76799,rio de janeiro,RJ
c9b2b2c5a8cd4482db7bed84b6df4243,uc063c58f1d2e458aa00cd9dfc72034b,41629,sao paulo,SP
cc594265889a34f01a4af93be4eb8111,u527ce4160a684c288c3345e4698b5af,49719,londrina,PR
c5eb4d91c2c334157ac5176e9a4e2823,u74e1255ae7f84a679c80d6b95909545,62669,sao paulo,SP
ca6d71c5925d946b1b73065cb6ce43ca,uee2b84f1a8a6440494ebee4f571de27,80071,sao paulo,SP
c85573ff975af46c693b81a60de2db8e,u3ac3b2da0fdb4ee49c18d59315ec17c,98410,belo horizonte,MG
c059ef8a2b360496a8dbe36b513f2f0d,u4587ecdd80114afeb249c91b6428e28,26938,campinas,SP
caa5ed53d7f754d629d6ebd25e251b14,uee2b84f1a8a6440494ebee4f571de27,37609,santos,SP
ceff90d3a4c6f4a14b05482a1e5714cd,u727b196428e04246a1d8c0f9e6b8036,58168,sao paulo,SP
c77e48c84f0134bca93133c764bc6858,u7cf24616e6684025ae75750e78ac345,21807,sao paulo,SP
c6a4d0476c40246eca3725587737162a,u8278c84481ef4c408c331471c299418,93843,santos,SP
c3d8fb8661a004694a8ed924a2518fe7,u8c80801a610d479591abb1cca24b9aa,89121,florianopolis,SC
ccd1efcf95cc241c0bd1e3df18ea6651,uef5fe0f1082d4828bba64c61502184e,45744,caruaru,PE
cb7ae695ae097477387396b6dd9f9cde,u8059ba341fa24bfc9228ff7498f8bbb,92959,niteroi,RJ
c68ad6e0461e640d88aeb6c96a6a75a5,u8059ba341fa24bfc9228ff7498f8bbb,93868,guarulhos,SP
c4f217862f38e4f289ec187f188ba764,ue8d747de2c0c4ee48eedc2b14315b16,69519,belo horizonte,MG
cdb4157a8b18148aea38f1dff2f70c81,u2ce131f2624a4c54953aecb0fa218bf,33597,brasilia,DF
c0a76c637fbff4eff855bed0ed5bcfaa,u0fd120517d7148c5b6f79eac719cad2,30828,niteroi,RJ
c853f1809855b446b8dc56e9ef602ac7,ua3f50981e1844a45bd7d603bee48d84,74463,londrina,PR
c8ca57a5cdb234f659f05f4d8c97f513,ube3913127e774e00a57b8657672f033,11775,contagem,MG
c7fad1c4ce7904b58ae8430ca4465739,ufc9288d8d1d64b989a4ee053548d5c3,51738,contagem,MG
cae1f68746ebc4a8ebcb210f0cf68df3,u44dfb1d24a6743ac98291b11eca5c24,30355,brasilia,DF
c3853f42a7dcd411aa2923388fb14c77,u7302e94512e14db49f5b4098797c34d,34031,sao paulo,SP
cf4a67b9453a142839f289cdeec117a6,u6cbe45e93c2c408bab0df01def0bb55,1888,sao paulo,SP
c732cf9acef984a77b30bc6f62aaca5f,u30cfd074adf6450ebd593480d1df76a,76235,anapolis,GO
ca10734f415a245668df5a1c188b806f,u212799a04a6f4dafa34f53a04625d2f,74023,sao paulo,SP
cb8267bfc8ac842ff97de2e880535810,ua347d4bd10154f7a93d20c320f84fae,24190,guarulhos,SP
c08b78bb9ab1841a28c265178627544b,u7a64464fc17642a2bf399862cb90e0e,9580,londrina,PR
c30459392f65c4fa9bc8c4c1c4266ac0,u3934dc1321f84d859d213fe103a088b,52666,rio de janeiro,RJ
c6201faca220f4a28a13a2d32252a91e,u2dfda06680b44814a54c7fa289818a2,25651,porto alegre,RS
cfbcb8971a85447a18712ddb6d555eb8,ue31f8c7f73b64d3080a2e52e063f1a2,90674,caxias do sul,RS
c101165808fb2424aa15cd4e5a82364c,u74e1255ae7f84a679c80d6b95909545,52107,brasilia,DF
c109a0fc928f7400c96afac8ad1c63a7,u6d0cf918f02244da9d08371229e8963,25837,guarulhos,SP
cfd36a1e67314452eb28d5ed1d9afe61,u07b43b827e874759838426dee3c0a88,94719,anapolis,GO
c43b8b2f327044ab3bc323868ee03a09,u0d2d7b5ee65e4e7f8018cb9e7321b5a,6380,rio de janeiro,RJ
c1749c066c1904a46bfa767980d96239,uabc38760c0864c828f30d8247049df8,58523,belo horizonte,MG
cb9f2a33514d04f40ad7028c44b1d440,ud2db2def482044d0bca5cba36caf4d5,1773,londrina,PR
cccc1ad5b8489473db9a107543a40aa5,u6def9aeda09446eca6fe143dbc0d7ec,81295,londrina,PR
cabd72a98a5ed4bfa9d1d0770dd692d9,ud25320781209434b87d8288fa480d04,30751,feira de santana,BA
c90fc42f9ad054037bfae0cf62ce2348,u9f6f759596f34072964fac8327fe650,41225,campinas,SP
c033649b314574857ba6e8305e869a7c,u6c9cd03f6afd436e9ea8b8b966e2afe,75369,campinas,SP
c96ea8d04b2eb43b9921dde9da1b619a,ufb1e69c0678b4b1880a6e6304f48ebf,5627,belo horizonte,MG
c451cd2730c024be39172f7c00a84eb7,u8236a1bd3edb4f61b753207dff34d88,70770,guarulhos,SP
c6b3099cee8a8433490558f504f5b2a4,u66cd41a947254530b0a1aa841e8239c,3602,niteroi,RJ
c1cff9eed6e3e442785a70e5c5e42ffd,u22420fa560a44cbf98a954ed54250be,11888,anapolis,GO
