review_id,order_id,review_score,review_comment_title,review_comment_message,review_creation_date,review_answer_timestamp
ra3a24ee4c03549249b13233a4e4ece1,o09c9e1cfaf2f4fba8cc7d095dce2097,5,,,2018-04-16 21:21:00,2018-04-17 21:21:00
rd2b57dcf90d848d2909ab1d2f90f014,of9bdc26ebe0b4f7caba669d7d19cfc8,5,,,2017-09-11 13:30:00,2017-09-12 13:30:00
rd77cc4345c634f6b84d925345252385,oa0f4c7312ac74a799b8de0fa3b68397,5,,,2017-03-25 06:44:00,2017-03-26 06:44:00
r43b1b6d6a92f40cdb6f5dbc1594686e,o523711a61a814eeaa4b060da91b6ceb,5,,,2018-04-27 19:52:00,2018-04-28 19:52:00
redd188fd8c144cf1846ca6355072b68,oa78dbbf2d7ac4395a61557cda2c9b27,4,,,2018-06-29 19:05:00,2018-06-30 19:05:00
rf467e182b8c341729dcfe00635ec5ee,o46b59a5da90649f5bf4c65b013f2dcc,5,,,2018-07-25 19:22:00,2018-07-26 19:22:00
rff6c7132c6e14f2eaf8daa50f51ae34,o60b8261b5f104b68ac700c19634afdb,3,,,2017-11-23 12:23:00,2017-11-24 12:23:00
ra123d808856d4a04a0c0e5d5bbe495b,o10f546c7013d4fb5a293feddca6a644,4,,,2018-05-09 12:52:00,2018-05-10 12:52:00
r801cfdf147c54d388d8e2374b83f799,o561880d893ba4c6aada68f0772dee5f,5,,,2017-11-06 06:27:00,2017-11-07 06:27:00
rb61c373afaaa435fb54c35bda44faa8,oa1b58327013b476890e447ea05e0823,5,,,2017-10-31 02:18:00,2017-11-01 02:18:00
r5a4cb5c7b9a84801b0a48a4afc07108,o3f5dcf6c54bb4ab79e0ab3b635ca89b,1,,,2018-05-01 05:19:00,2018-05-02 05:19:00
r3d14f7eead51453e8bf1b2a54ff32a9,o7decf8a5c115468b932422eb5c49ee5,3,,,2017-07-10 02:33:00,2017-07-11 02:33:00
r47067a1d7e7243618dde77de79c3281,o3c0cc26dade7496bb41c87fac60bcf0,5,,,2018-06-20 18:42:00,2018-06-21 18:42:00
rb6a6c25a0b0c4dd196596469e7a02aa,o10ab2f49139342c289c3a3469c536f9,5,,,2018-07-27 23:24:00,2018-07-28 23:24:00
r0945c5d29795470a9a2b9973b7a98e1,ob4c125bf754b44cbb3604196dadbb8e,3,,,2018-04-22 14:55:00,2018-04-23 14:55:00
rf303897cb72b4c22a9ce2a786f89f1a,of51b948447e84ed287c5ed5d3cee38f,4,,,2017-04-22 18:06:00,2017-04-23 18:06:00
r1c3f8c972dff4f18835f10f878697d9,o99767d067a45406b8ba382ac1bdf4c6,4,,,2017-03-18 00:40:00,2017-03-19 00:40:00
r741308e1dfc043afa893663fa40cd2f,oa1a5ad3bafc6491198be2cdd608b673,5,,,2018-08-11 02:50:00,2018-08-12 02:50:00
r4534787f4af544adbe6a58577107c43,obbc0744e17ac42eb8aaad0ff4c56b58,5,,,2018-03-16 23:16:00,2018-03-17 23:16:00
r90855c1362094962b740a26b964ecb4,oc7ab41bedeb943e6b8a46eb6ace49c3,5,,,2018-06-03 22:49:00,2018-06-04 22:49:00
r6b4c4fad6a3b44648f41c1570bec310,of00752d93e9247f7a063544b4e5ae14,4,,,2018-03-14 13:12:00,2018-03-15 13:12:00
r6cf937c49a894b1f809ac943103e9e3,of8c44a1cc6324c5699602aa86865dae,2,,,2018-08-16 00:05:00,2018-08-17 00:05:00
r167c6d0099e5498b9e7bfd45a5341fb,o362bfb06d52d4d27b594228f8e4f70e,1,,,2018-03-14 18:08:00,2018-03-15 18:08:00
r8c5f8d924e884834b4aa8aa4e383763,o096e02cb10d247b6b430fb2383da8bb,5,,,2017-02-02 15:00:00,2017-02-03 15:00:00
r99d2da91b39a4aef8d6a50b68af2c5e,o7941f95a50f54b6180ac6189e66f558,4,,,2017-04-23 03:44:00,2017-04-24 03:44:00
r5e1210e2b9aa400c8f83f6775088420,of71de19a4bb64fadb488c9638d6d16f,5,,,2017-03-14 19:53:00,2017-03-15 19:53:00
rc04cf246e90f4daf86ea8c616840a4d,oeba02b31c9d64880b7449ceaa42f5ef,3,,,2018-04-18 04:49:00,2018-04-19 04:49:00
ra1fa549cfb39422daf49bde5af5eda8,o4a3546f94c0849fea94b18a69b06759,4,,,2017-04-28 07:33:00,2017-04-29 07:33:00
rc726ca8c984743de9e38d202fc44498,o9fa86d94834443c1839c83d8b392a22,5,,,2017-10-21 21:48:00,2017-10-22 21:48:00
re9da74ab426c4d0694c20e8493d5c3b,o17dd6e526fff4f56a836981bf394b53,4,,,2018-06-12 06:27:00,2018-06-13 06:27:00
rf79d6c52630d420f929857195f9ab9d,o3b93dd99154d42fabcfe113884cedd5,5,,,2018-01-11 16:27:00,2018-01-12 16:27:00
r58195a481e9e490b83b812d6a30239b,o9c3e4506b3b14b68ab9d9008648e31f,5,,,2017-06-18 20:12:00,2017-06-19 20:12:00
ra21b500bba6545deb85ce49e39a49af,ob5a40d0351a5463192b8c8c95ff8aee,3,,,2017-12-11 01:28:00,2017-12-12 01:28:00
r7a7d4123e173407991a76a22b7a0228,o4782e6c3ee2949ee8a6b8c2389bcfd0,3,,,2017-04-21 00:57:00,2017-04-22 00:57:00
r01e38c6be8f44c7ca7627a233496f1f,ocea01d2a916c4e4fbb5809aa0ac721b,5,,,2017-06-28 01:05:00,2017-06-29 01:05:00
rc7700254666346f3970731a3425d5a8,o82b9ae2f23304dfe910ada0bca4f3f2,4,,,2018-03-21 20:23:00,2018-03-22 20:23:00
r1fe9b9dc41dd440fabf739dd3860a0f,oa812baf36af74b20bdfd5986827213c,5,,,2017-06-12 17:11:00,2017-06-13 17:11:00
rbcad311260294da2a2f045a5062a979,oc63d15b69673426cb1abc96dbb78663,4,,,2018-08-14 19:29:00,2018-08-15 19:29:00
r750cab07a3934d258d4fae31fc32699,ob00a5e9a8d5a4b96b5a2d0fdc09f11a,5,,,2017-04-20 20:52:00,2017-04-21 20:52:00
rc9979adf043a44a5a90a21830f5d969,o6fb22c4745f24d3fbd655d7c2f68ace,4,,,2017-06-07 23:45:00,2017-06-08 23:45:00
r455ac48501654409bafba404a6cbb3e,o77eb019cfbf54cc78059a07d4c102a3,5,,,2018-07-07 18:40:00,2018-07-08 18:40:00
r938bb0a63f5b42f281422646de7cd29,o25582b8b38ab4d2095eb916b100b75d,4,,,2018-05-02 14:40:00,2018-05-03 14:40:00
rc866fb3d07904221a7b471118cdd46e,o25a8e06130ca4f669366378593384bd,5,,,2017-07-11 09:08:00,2017-07-12 09:08:00
rd2c16c6d978d4a989de4e66b567f756,o46a6335220a140b1b14163daf87cae1,4,,,2017-12-22 18:07:00,2017-12-23 18:07:00
r463ba69afcc248318824e5a8203dcab,oa7ed90f20aae48d9b81babac1c7b467,4,,,2017-02-18 11:04:00,2017-02-19 11:04:00
r62c40820002f4791b81be0aa2dd0d0c,o68e5cadd289e4a8fa9ab991440500bd,5,,,2018-01-15 22:04:00,2018-01-16 22:04:00
rfc181eb0ff3f456996fe789b293a0ce,o3bedd80fc00846f9b3ee5b170e083b6,5,,,2018-06-28 22:49:00,2018-06-29 22:49:00
rdf35162bce1b44bbba86c5de1dfb3d9,of1d5597daf7b4142b144168cda3a25f,5,,,2017-11-20 15:10:00,2017-11-21 15:10:00
re4f3d9f4e72a4628983ef46ba645352,oc70bca9a7952432eaddc31c21c1c3ca,5,,,2018-08-06 21:52:00,2018-08-07 21:52:00
r21cec70daa5047b7a8a134ff8848c9e,o2e873292a4bd426d82db7da05745ac2,4,,,2017-03-29 22:03:00,2017-03-30 22:03:00
r40d2395a93364b31949cc153efade22,o666351ad597b44a9aaeafd1e4023e74,2,,,2017-09-20 16:06:00,2017-09-21 16:06:00
r11f73294fb0b4e5891ba9d9e4df288a,o7b56afafd02f4d21a3b90d7fe6e38dc,4,,,2017-10-30 22:00:00,2017-10-31 22:00:00
r98e127c7ea8b47fa90fd278018ebdb4,o664fb8a84472482280b854d2581a399,5,,,2017-05-19 19:25:00,2017-05-20 19:25:00
r474370da4e164c3e899896972485a0f,oace0460179f4443abc5a3c4236162ab,5,,,2017-07-06 02:39:00,2017-07-07 02:39:00
rc5d17a8fd7b9480aaa8331a62906693,od8e1dd7c492948168be60a746d92556,5,,,2018-03-22 22:26:00,2018-03-23 22:26:00
r0cd295278df54770a07139b0deb9ebf,odd54da185107415f9c79c4cbb07770f,4,,,2017-11-01 23:05:00,2017-11-02 23:05:00
rad14d771360d4ab98ee261ec808de88,o2b3fdceba16646bab654202b06b5be5,4,,,2017-01-17 05:59:00,2017-01-18 05:59:00
r8ac5a1f384b54d6e8f1683c0f29df95,o3e3c16a12a274efa90b65741fbe2b89,5,,,2017-01-24 21:36:00,2017-01-25 21:36:00
r7b25aeb0e7df4258a3ff875421f0e14,ocebec0809c8747dc8104d7288ffe96e,5,,,2018-08-26 00:48:00,2018-08-27 00:48:00
rda727ea62cbc42168eede1d966292e5,o0bbf343120924595803ecf3abaa25b7,3,,,2018-09-03 04:09:00,2018-09-04 04:09:00
r23d8e7c413314f3f8f4756b3a82afb0,oe8e35b44eb864149af4066697131e77,5,,,2018-03-09 00:52:00,2018-03-10 00:52:00
rf665ed76c6e14cf396d9c5a877e1b5e,oa07b0d4d5a85441e9f9c2705dd41a59,5,,,2017-01-31 16:29:00,2017-02-01 16:29:00
r43df4f505a8d4dea8b048486c6f9324,o095578c9aed14dcd9ae38b7f7af2e74,5,,,2017-03-15 16:38:00,2017-03-16 16:38:00
r1338e9da41f94323a91d3b1843e3cf2,o21f58868a6c144ad8a3ed6f20cbd561,5,,,2018-03-14 19:09:00,2018-03-15 19:09:00
r2b4587135d474c0895a3809d63852e4,o7c27e054e594461daff9eb34c9aad95,5,,,2017-03-04 22:24:00,2017-03-05 22:24:00
r4014def03198496a98d2e78b2f94776,o913699501cfd415abc14130d7366ff2,4,,,2018-02-20 16:35:00,2018-02-21 16:35:00
re1fa56eea5744d36850462eb0201f9c,o3757c5c60d43484688580aa8dd6e90a,5,,,2017-07-14 06:50:00,2017-07-15 06:50:00
rbab3002078d84403ac48259e5704f37,o8763037ad354448ab341f881a7e1cd5,4,,,2017-01-25 13:34:00,2017-01-26 13:34:00
r0e86b705caa74602949f202cadf4b63,o4f3006dcf10d4251aff5bd66360430d,5,,,2018-02-26 02:36:00,2018-02-27 02:36:00
r2a17d441577141db9a821b5cc6a3222,ob3954d2b98a54580bc6aca4199dece0,5,,,2017-10-09 11:59:00,2017-10-10 11:59:00
r159bb61e08654fc09b7e6070ba29156,o1aee8534c9b44d30967daa793be8633,3,,,2017-04-24 03:39:00,2017-04-25 03:39:00
r9faf6a54b472434dbbd685b7516490c,oad160e529f2f4497a1b4053a3b94f61,3,,,2017-05-02 09:05:00,2017-05-03 09:05:00
r9860918c09eb43cbbe9ad1803484477,o1ecd220eb4514d258d5ab29a6e341a5,5,,,2017-11-17 01:31:00,2017-11-18 01:31:00
r1b01592b57d6475bb05941f9ecb36e9,o73600b0157b840c9aad2a5322506026,2,,,2018-01-04 01:21:00,2018-01-05 01:21:00
r6ae666a39edd44a9bd972d65c2ad663,o7c1e26534e4b4b679f51150fc6b6bdd,4,,,2017-12-19 05:27:00,2017-12-20 05:27:00
r60b5be232ebc4174977c29b9fec52af,oe5da657c4a2245ceb4cea3a0726697d,5,,,2018-03-13 22:07:00,2018-03-14 22:07:00
rf8ea2bbbfdb846219248f3204df4028,ob976d62d955c4e6f822ab37be352932,5,,,2017-06-29 23:15:00,2017-06-30 23:15:00
re1f0b1905e8e44fe890f11e08978c9d,oa1ec907488074572bea5f30a108ec7c,4,,,2018-07-15 19:23:00,2018-07-16 19:23:00
r1558434561ad4f59ab9c619b6fd0daa,o0bff5bb557124266b75b020ba120504,4,,,2018-06-22 23:26:00,2018-06-23 23:26:00
recdfbac532f64ca8a86aae1300ee97f,o263f7f4fdd2e4047b0f69b1c1da7e52,5,,,2018-02-17 00:32:00,2018-02-18 00:32:00
r57b9d9df991447d3965acefa461bd2d,o4130480147a4428aa8caf8bab72c043,5,,,2018-08-14 22:17:00,2018-08-15 22:17:00
r1943230bdef84d8699a0cb9f78346ab,o4dd94b1392004eb5bf765f7606bc908,5,,,2018-01-06 08:39:00,2018-01-07 08:39:00
r5989d5a58b214bcca9ccf9a514a12c1,o6d775618631f46bf8558df761b2bf67,4,,,2017-05-26 00:50:00,2017-05-27 00:50:00
rcce37e363b614651bf658266e94935e,o69ac99f2c7cc405ca81302f64809431,5,,,2018-06-22 05:17:00,2018-06-23 05:17:00
r218be5e121d84cb78251ed4cb4e87ad,of305ca2028c643f9876c10eca7624f1,5,,,2017-12-02 13:21:00,2017-12-03 13:21:00
r90be1acb29114a8ea6dea13c963d116,oe3d3af48ab5d4b4883009a54d5f7f48,3,,,2017-06-18 13:05:00,2017-06-19 13:05:00
r7c9b5dd60a7b4149aa56c9183e43bad,o4c69b97bedc3496682910a1954c1e1c,5,,,2017-01-29 10:44:00,2017-01-30 10:44:00
r21fea8de13634998ac288de385452cd,o1e612970d39d4d559b6376a1c44d7b8,5,,,2017-03-20 03:36:00,2017-03-21 03:36:00
rbb4affb39cec4686aee5870a4d8cc9c,o05964638195f4635a37b7dd4071a40c,3,,,2017-09-26 21:38:00,2017-09-27 21:38:00
rc74b6d4bedae40b195fef3983df7be3,o238df1a35e81446491050319cc6b774,5,,,2018-06-05 01:26:00,2018-06-06 01:26:00
r2c0c443723224fb581773abc626e474,o838e7ceac47e4f87abe0fe478d4159d,4,,,2018-04-16 05:54:00,2018-04-17 05:54:00
r214a6b61cc3e45b3b624f4065cad229,o2d87a3f767da4e8ba471ef9d1fee5ba,3,,,2017-05-15 01:49:00,2017-05-16 01:49:00
r50961e1a510749ce8cdc43e80be70ab,o53419465c3e24420814474056b8a883,4,,,2017-09-11 01:32:00,2017-09-12 01:32:00
r2d8eac0c1fbd49df879fde37e7ad9c3,oe6f0916fb4fa4010a2a1b2aa9ee235e,5,,,2017-04-10 18:23:00,2017-04-11 18:23:00
r88571732022b4720b15af276d127ba7,o81e0342148fc47d287428bd6ab0bc7d,5,,,2017-06-19 09:59:00,2017-06-20 09:59:00
r63b80a88c17f41c3912b68f6767568b,of651c7ae1c1641389b6ec7d069bc3ab,2,,,2018-05-08 20:05:00,2018-05-09 20:05:00
r7ab31159a4db4e318084d7e03007621,ofb2725a2ef51429cb6282e75526e664,4,,,2017-08-17 16:49:00,2017-08-18 16:49:00
r97fc8875c50d44d99de50b975b8e622,oa62329c95acb4db7a94838cb82d12dd,5,,,2017-08-23 18:09:00,2017-08-24 18:09:00
raed511afc07541c39cb90ce070fb3e0,o83d82dd3c18a4bc5b6cd0c9631a6ae8,5,,,2017-08-28 12:12:00,2017-08-29 12:12:00
r07d1493964ba46c8baed4bdbf25ec31,ofcadf3c366464c67a206e9ac5a6df6c,3,,,2018-02-15 20:01:00,2018-02-16 20:01:00
red50ac4204344918b454a39919dcb16,oc49ded661a6841c38576869b90d72fb,5,,,2017-02-27 22:38:00,2017-02-28 22:38:00
r8b88fc3f730b4b159c7348b30b4a21b,o6b72ef1d51fc462d81a8ce79c76091b,5,,,2017-07-01 22:15:00,2017-07-02 22:15:00
r5583e5ba511d4d1c816908d997892c0,oc7de8c2816a94c559c81eff6a010cf9,5,,,2017-06-10 23:45:00,2017-06-11 23:45:00
r178353984c5e44418ae8c475f9f910f,o1699789ef09f4094b38de6d152bbaea,5,,,2018-04-08 20:16:00,2018-04-09 20:16:00
rc79bd1597fa244fba684579fc792bb3,oad33d79f85134afcb08f535aa19c98f,5,,,2017-06-21 17:04:00,2017-06-22 17:04:00
r17f95ef34fdc42238a7bcfb31cdb186,o06025fef6a964687813b126269ea627,3,,,2017-06-26 00:56:00,2017-06-27 00:56:00
r0237de16ac4a4f7ca401852be1631f0,of96c9f8e5bf34a628918a6b29873083,4,,,2017-11-06 20:40:00,2017-11-07 20:40:00
r61871d21d0e0422da7f67502a5a2f1c,o98e7973f50284cd6868742ecd1aa049,5,,,2017-07-24 16:02:00,2017-07-25 16:02:00
r2fe136f4959144c7ab673e81a98184e,o3308dd4d2eb04906b30bc5aded27a34,3,,,2018-08-31 00:30:00,2018-09-01 00:30:00
rb731e940b89d48b0afbb52ba9eefbc5,o1f5dd93dc63a40d1b5d95033287cd5c,3,,,2017-08-21 01:09:00,2017-08-22 01:09:00
r95af7b2d1fd54553ba34e9059935fc5,oe83c35b4c26d4601bc7057d601f2c66,4,,,2017-05-06 22:49:00,2017-05-07 22:49:00
r95fe1cac2b8b4583aaffde2d815d717,oc46f5b4aed0e465f9dd57cdb5febf88,5,,,2017-12-06 00:46:00,2017-12-07 00:46:00
r3d238053b51742e4a4113e5d7f681f6,o8c9cb3ae6bff4fb28fd142add762243,2,,,2017-07-09 17:56:00,2017-07-10 17:56:00
r47a84aa5ec964ded90ed1c8bd14428e,o9f77b76684054eb4821bb25d6da01e0,5,,,2017-10-30 19:24:00,2017-10-31 19:24:00
r796cb0b446c24887bad4cc4eb8c3154,o1f1086b6b07241f58d245b08445ef95,5,,,2017-10-18 01:57:00,2017-10-19 01:57:00
rf3b82e5c1fc14e07a6f0584b975dce2,o74159efc87e043628fef177c19f7ae3,3,,,2018-02-14 06:02:00,2018-02-15 06:02:00
r31a8e57fe8c441019a0204db09d017e,of82fc18ed3a242b7b620a0fd312d0bb,1,,,2018-02-23 22:19:00,2018-02-24 22:19:00
r454870af94834bc6bb2702c07863228,o57601c79c41d44a5937e7c9aae515a3,5,,,2017-01-25 01:00:00,2017-01-26 01:00:00
r7d4f67f6269b40edb6d271727482823,o8586be5c9ce442169fec56ff4381ca8,1,,,2018-01-16 03:22:00,2018-01-17 03:22:00
rb96893531c694123b53a1d940d6fc8d,o870fa3cd9aef49238e1f0a1d6bf5e33,5,,,2018-01-29 14:35:00,2018-01-30 14:35:00
r2aa9717795194a9e83fa5d2d60d2f1f,o5197e5074a5448e1a6fc0a65223b908,5,,,2017-08-02 22:12:00,2017-08-03 22:12:00
rb5e84ff7da1f4f8881f7f0fb058c3b3,ob6c9c7cce7ca40e090a58c4d15e49ec,4,,,2017-06-13 17:49:00,2017-06-14 17:49:00
r7d26e29701ec40409644173945bccd6,o34642039070648be8760dafe65b8085,5,,,2018-05-15 07:36:00,2018-05-16 07:36:00
rbe5ba822a84c45278a08520107e07d6,o86893b5c3d624e4eab27b1e059910de,5,,,2018-07-01 03:44:00,2018-07-02 03:44:00
race8c3782e6c4ee9bc8cb76429e7eba,oe7c174e9a5934a788b745cbf42312d0,2,,,2017-05-28 16:47:00,2017-05-29 16:47:00
r45aeaba0be8b46acad4f7ce3cf6f594,o86b638f5560449d3acb569aad92bc18,4,,,2018-02-05 06:28:00,2018-02-06 06:28:00
r16ac0d4fa971492498f10f653901c74,o3855906ae59742ddbb6d235d160f1e4,5,,,2017-03-12 03:53:00,2017-03-13 03:53:00
r4cf0e37c038341328994d1f4837ca21,o8595065a97f34f22a86b3c9ff606899,5,,,2017-05-28 16:24:00,2017-05-29 16:24:00
rd58d975b035749ef936a08a7422c56c,o21d1842230044544b32133d95040cc6,5,,,2017-08-27 20:45:00,2017-08-28 20:45:00
rc3c73f9ffac04b16ab1bbb02adac516,odb1d323e050f406ba30a217b5419952,5,,,2018-06-29 14:01:00,2018-06-30 14:01:00
r74764c75a0e24ebbba93a4e44a3d020,of4c3ac174a784c6a9b130e7a212dafe,4,,,2017-09-11 23:50:00,2017-09-12 23:50:00
rea0d2126dcec446eaba9bb625b93542,ob7ba442452ee4cbc829d01ddfbcc0f2,5,,,2018-04-28 17:43:00,2018-04-29 17:43:00
r545c9e414ca24999bba8594efeaa5ab,o4c445b868a5342d68c2b53315a3a503,4,,,2018-05-28 05:36:00,2018-05-29 05:36:00
r2a52c834d6fc458bb2ebdf205cc9463,off47dd95f1704d219d65e8cc38e4e76,5,,,2018-08-13 06:41:00,2018-08-14 06:41:00
rb332bcb075b94c46aa6e25290865287,o933266fc8c374776a7c653176ec4643,3,,,2017-04-08 20:43:00,2017-04-09 20:43:00
r791bfe9dcda6406e98ea412c1a03ca2,o6f4015ccea3e4f0496e518247abc868,2,,,2018-07-27 14:41:00,2018-07-28 14:41:00
r4f45a62170af4c02aa0954d79006316,o78e1efaa1ea24a0cb1e8ff3bf0a811b,5,,,2017-06-01 21:43:00,2017-06-02 21:43:00
rdfc92d29aa8642ec93a678ecc946825,oa48ffc2deef4428aa7fe2e58b0e832d,4,,,2017-07-13 00:39:00,2017-07-14 00:39:00
r07270fc9fe524a159f2d34cc4f68da4,o17d557a402774fc3bc0d7fdbe29ba9e,1,,,2018-09-13 14:36:00,2018-09-14 14:36:00
r690aed75846c4895a8b228818717ec2,o2d438aeecdbc44ae918552e8daea89c,3,,,2017-10-02 05:56:00,2017-10-03 05:56:00
rdb75d2372a3644aaba79767ce1649ae,o1d2e5944beb14a5fb8e443eb8252071,3,,,2017-06-08 04:32:00,2017-06-09 04:32:00
rf4a94523f8be412098a0c30174a0b0e,o6ac826588b904503854cdd19f364b19,2,,,2018-02-23 02:58:00,2018-02-24 02:58:00
ra5861fc8594442608f553662dc48d6a,obc10e8dddf78423f869c6e6c74029cb,5,,,2017-01-15 20:56:00,2017-01-16 20:56:00
ree129d04bc474f998fe8de8135fc437,o9f26174bf359437c8bfb356d8c204a8,3,,,2018-05-15 20:14:00,2018-05-16 20:14:00
r777359237f584544aa2cb099f0cea12,o89fce966b6ce47568b09343b613dd7e,4,,,2017-07-03 02:06:00,2017-07-04 02:06:00
rca477769c86445fa8ccd77f58f6b240,o24ed16852eb2481d9ac644fbba5e0bb,1,,,2018-01-21 22:51:00,2018-01-22 22:51:00
r51eb855245f846759c3ba01630304af,o0fad60fe2a4445eba745dd9b452600c,5,,,2017-12-08 00:23:00,2017-12-09 00:23:00
rf810130b7e42499298f68ae3d69aa91,o90a7ca806c0141b8b9e61b52e1c5814,3,,,2018-05-14 05:27:00,2018-05-15 05:27:00
r50a0cc6f79d249d5ab6d3d84ab89059,o289a3e1612dc44bdb709cb02eae8576,5,,,2017-07-24 14:50:00,2017-07-25 14:50:00
r898f8a0cd8b44f7ea98903867d0ab2a,o3e19a2e7d35f4763a736139114c09e0,5,,,2018-07-29 16:46:00,2018-07-30 16:46:00
r73daf0ff102d4d008ef7c39500d7e95,o0c7ba0cc313244beaf0f3607572671e,5,,,2018-07-13 09:36:00,2018-07-14 09:36:00
rc9ca5001ecfc4c0d86d7d5efc739ed1,offedf1bf90aa44d08d7646d3ff80558,5,,,2017-11-26 21:22:00,2017-11-27 21:22:00
r012644f981af4f4a9a888b6b8ce7212,of21b210cafd643e6aa71bc1b8b25f9c,5,,,2018-06-01 06:55:00,2018-06-02 06:55:00
r1a52bae86a15422b9823a7c4b6e8b11,o162ad88b1f6d4be0b6cf9536a44731d,3,,,2017-12-14 05:00:00,2017-12-15 05:00:00
r8045c3a9ad2249f48c6c1cef1e86693,o5230a5c450d543ae9e09f3d38e33477,4,,,2018-08-23 22:14:00,2018-08-24 22:14:00
r3540511272654b6494f65e097f1c4f5,oc34f2fa5c4a942919d69a2fb09cbd63,5,,,2018-02-19 17:44:00,2018-02-20 17:44:00
r1b4153d9eaba4339995d8f8a211dcf1,o5196519a86974c3e9798e235de202a2,3,,,2018-01-15 23:43:00,2018-01-16 23:43:00
r36c9e4574b3e47539b6b8b1fdc2988e,o68f8d7e5e6e54284b41e29001be5591,5,,,2017-06-25 03:06:00,2017-06-26 03:06:00
r88d0954b913c433bb709a1dbecafda4,o9b469c2d7c79411ba805d4efeb6877b,3,,,2018-07-12 19:01:00,2018-07-13 19:01:00
r66d781c6106349e086c5b6dc2c2b77a,ofe1d97e02b2c476e99b5a68d671bfc3,5,,,2017-06-28 21:00:00,2017-06-29 21:00:00
r6c972a07fec84f94af23cde16f98758,o492e2d6645144de4a50f8020653c15d,4,,,2018-02-14 18:10:00,2018-02-15 18:10:00
r00bce2a97c2049d1b3ba1dd1163f524,of148864dd68c41b2a11395742ec9bed,3,,,2017-11-02 10:40:00,2017-11-03 10:40:00
r1b19170e2c6f470b92e46a40b078d75,o5d97281aa88d477fabec57afa7e5dbd,5,,,2017-12-04 09:51:00,2017-12-05 09:51:00
r15e4058e5eff460db76f964022322ec,o42caf361a5e8430cb6fb5aa87c359b5,2,,,2018-07-15 19:13:00,2018-07-16 19:13:00
r5f34ebafb6144f3385d3112d533eb9d,o06df941860d2474b952f2bf85587edf,4,,,2018-02-19 02:15:00,2018-02-20 02:15:00
r6c7dc6b4bc2c4bd8b0ec2fd1731a038,oa20f468edc5b4e23b94f797c026e470,5,,,2018-03-31 03:12:00,2018-04-01 03:12:00
r5fb1e31ec29e4ae59f34c8f66b94bce,oc68b8872f69b4d248991a99b7e1f7d7,5,,,2017-11-08 13:34:00,2017-11-09 13:34:00
rce7d58de88414e09916d9a38814115c,o7fdcc6c0bde84407982ef15256f4854,2,,,2017-12-19 17:41:00,2017-12-20 17:41:00
r3000c215fc844d28a507a8b5ba6f45b,o1bf3010bdae1462db92fc3a5c89cf43,4,,,2018-05-29 15:29:00,2018-05-30 15:29:00
rab83a08ae9294f48ac355d8345ad4e3,o5a44f75abe284ef6ad970dc56fb2f02,5,,,2018-08-01 23:54:00,2018-08-02 23:54:00
r767535284702498cbd73c6728c7096d,o95999b007ea744a7a73ff536e41c488,4,,,2017-04-14 12:29:00,2017-04-15 12:29:00
r5c4d13cfb6874b0a863a4c1a0d720c7,o504ae8c0ea3840859ef0d3495c23f6a,5,,,2017-11-13 14:46:00,2017-11-14 14:46:00
refd6e683b0bc46bab6c34ffc3d14834,oab81752f20cc4ae8a65b7d886db8b3d,3,,,2017-12-21 18:44:00,2017-12-22 18:44:00
rc0309fbe139b4592b94fe80496251bd,of805cf0c63d14a0db9b704c16292ce7,4,,,2017-06-08 19:35:00,2017-06-09 19:35:00
r6f9fd5bab7174846beb64f467ade9b9,o68a9a3eef58f41e780d1c7e28fab6ec,5,,,2017-11-28 14:22:00,2017-11-29 14:22:00
rb14b4dee02c24038babb052527bb061,oab3d18c8f4134159b08df7c3d7458cb,5,,,2017-12-01 00:30:00,2017-12-02 00:30:00
r467d01cdcac04237b341dbc91b69f40,o953eb45034a84fc9acccfa717c77675,5,,,2017-03-14 19:42:00,2017-03-15 19:42:00
r5decb11a94044afba08dc326a720a0f,o9a84927a7ff04ef2b1bba0be7489c2a,5,,,2018-03-25 14:36:00,2018-03-26 14:36:00
r5d16eb6c9c104e02a51b7ff0dc28510,ob39ddb3e7567430398a6220e815c395,5,,,2017-11-28 21:35:00,2017-11-29 21:35:00
r333dbd40e3f7415c9eb59241d2b07fa,obc6b88a359c340b4992988180207f2a,4,,,2017-05-26 20:01:00,2017-05-27 20:01:00
r4aefbbf13362448783015ea6e0a6249,oa67c9037f2d94e77af9846293ec4962,5,,,2017-06-07 14:12:00,2017-06-08 14:12:00
r58f7634a2f41486f92b3313ed41b2ce,of631a6b5a30b4815914074e7c3120e3,5,,,2018-02-20 01:47:00,2018-02-21 01:47:00
r654e29efa93640d2888b18235e6c5bd,of36ef8364ca94ccd8630da9c52c57b7,4,,,2017-07-09 01:18:00,2017-07-10 01:18:00
rd52d9877dad24e819d32702e013db4d,o70a0ac78fff647a88669ce3b5867645,3,,,2018-04-18 11:16:00,2018-04-19 11:16:00
r813854a2ae29452d96ea597c98e8d89,odb480b6deeb34187a84ce82270bd098,1,,,2017-12-15 00:55:00,2017-12-16 00:55:00
r12dd8fcc485144aeb72183902724ddd,oe61d2e1608aa4db3b5aba8f10c8a769,4,,,2018-06-03 21:13:00,2018-06-04 21:13:00
r9e7bc4a92a874b758f27813cc2b240f,o1dc157b9a78d4a67a35a2d389b907c0,4,,,2017-12-18 12:03:00,2017-12-19 12:03:00
r74ebf5877a724f4cb81f5674f8f9cb5,od02302bd9e284a0da17e416f6aac0e0,5,,,2018-05-24 22:11:00,2018-05-25 22:11:00
r4f1503fb58bf4b66a298d6ee03870c3,od65065d4aae7428499e6ddc4ef58ed2,5,,,2017-10-20 14:50:00,2017-10-21 14:50:00
r5fb2b9abb1af443c9de663f421048e2,od68833ac9d2a455eb885810ebeeaaaa,3,,,2017-06-08 04:09:00,2017-06-09 04:09:00
r2baa849c592f476cb513d7eee16b8b9,oae7931f90c014df08a9cc9f109a9acc,2,,,2018-07-15 22:36:00,2018-07-16 22:36:00
r59a433708d734fbf96a0778ecdaaecd,oa76e4778d87a45369b58c96a517418d,5,,,2018-06-14 20:51:00,2018-06-15 20:51:00
r8388506b8acc49f4b7843a64e061fb5,oa7eaf3f5f22e483e98e4b6506178cc2,3,,,2018-07-19 15:35:00,2018-07-20 15:35:00
rd134e40d6bb14287b318e085fc96d00,o04032cb72f0d4552b83935ec30c0666,3,,,2018-01-12 16:11:00,2018-01-13 16:11:00
rce17701f60114574a8e5c16ac99a20b,o8a5dd80ec4274db49f147024975ea2b,5,,,2018-08-01 04:04:00,2018-08-02 04:04:00
ree42b23ae83c4f36a8148149a5ea642,oee1a8b8e924341bab31e800b4ad6bf3,5,,,2017-07-05 04:42:00,2017-07-06 04:42:00
r3aaec01037594901935c949d554f9db,o180eaa83834247fbabf0530598c2ff1,5,,,2018-05-27 07:42:00,2018-05-28 07:42:00
rf32ab2d9c710479f93c40a3865f68d1,of073fedb9e0b4203aafa902c686bab6,5,,,2017-04-06 23:00:00,2017-04-07 23:00:00
r3cd1f63c131a4350b58b78e4f9a0613,o4d4e6eb7c3984928964e598d783e01f,5,,,2017-07-05 20:08:00,2017-07-06 20:08:00
r0e21e793aa2e471ab1fc8c69bb24531,o3b79b84a3a984bdfbad4a8f530db571,3,,,2018-08-15 03:24:00,2018-08-16 03:24:00
r67f873c36edf47e4a61d3ba8bc70734,o087ace81d52d487dbe79c96f38e46c2,1,,,2017-06-02 04:46:00,2017-06-03 04:46:00
r9aa20ea31f6a4ab29e8ed9a31f62d25,o2e145e83f58b45b3a47266dec8b3c0a,5,,,2018-03-18 02:51:00,2018-03-19 02:51:00
rb736708d432c40078ff45df5dd893eb,odb15c7925a934a50b6b6a3e0ca930b1,5,,,2018-03-14 21:24:00,2018-03-15 21:24:00
r76562bf8fd7a42aca131a3a551306c8,o75d1ed77f6974ccca343118422c90be,5,,,2018-07-11 01:00:00,2018-07-12 01:00:00
r3e8f0f1cfece43e5b25d7a3506c4ac5,oc399cdcbfc064f6baf58a678e829f42,5,,,2017-11-23 03:00:00,2017-11-24 03:00:00
rd462d6f3a5e147f082f51e4f90902e7,o724d03dbc2be4e6eb32ee7bbc299ae4,5,,,2017-05-12 11:54:00,2017-05-13 11:54:00
rbbcec55c19954bc09d7647724fbf2fc,ob00396c0785d4e0eae88d7541709507,3,,,2017-06-20 01:04:00,2017-06-21 01:04:00
r2f8fdb8f79764372983c1f8fd48572c,o9460f9d25b884401a606e074f872657,5,,,2018-04-18 13:57:00,2018-04-19 13:57:00
r1229c31fe02c489db435b74dbe8ac20,o5c4c8dc7ee924fffb456e24ec72cbe6,5,,,2017-01-13 20:44:00,2017-01-14 20:44:00
r09397cbd1c8146439775c9ec026fc4c,o508895d0c041446e837c785f9a2e398,2,,,2017-02-07 04:37:00,2017-02-08 04:37:00
r4e209f842cf3484f940fdbdd6677111,obefab19d84cf4532a2864b350f6aa0c,5,,,2018-05-02 22:02:00,2018-05-03 22:02:00
r9ea30a95fed548df8edca5dc233063e,of3ba20474d0d43dfaf42bbd4458bb4d,5,,,2017-12-12 12:43:00,2017-12-13 12:43:00
r932fef83e8ec43949d9f490e46f39b3,od192d34ec607407ca59554c887451f5,5,,,2017-06-20 19:56:00,2017-06-21 19:56:00
r5339d250d33343489567f3d76f864e9,o3291a021da10402d83918e6149b96fc,5,,,2017-07-09 04:31:00,2017-07-10 04:31:00
r78ea626d3399476f8cb339d7c276946,o63f713fe4c694e6292847ee4350ba4e,4,,,2017-07-27 20:50:00,2017-07-28 20:50:00
red5e6871bb01489b9c4e886647983c9,ofc5959bc2b544a81b7d19402fb0f656,5,,,2017-03-28 17:46:00,2017-03-29 17:46:00
r5f501cdb31df42b5b2cefd7e1285b3c,ofe300cf0452d453481993c0e16a3674,4,,,2018-04-23 14:24:00,2018-04-24 14:24:00
r7c7da48bcd5b4b32b6ae75c7d55b67f,o2cf2f1cc2cac4899809e579c9a9bd16,4,,,2018-08-26 02:54:00,2018-08-27 02:54:00
r3b93f9c252d64ee1bb820bda6460a36,o403e375d00324bf085317df113476bd,5,,,2018-03-25 16:08:00,2018-03-26 16:08:00
r4b9c7eceadfa44b3a861935f1003dca,o7e8f899dbf484945903e832d57d22d2,5,,,2017-03-21 02:57:00,2017-03-22 02:57:00
r2420252007c346548d90803924f1bd5,o14de6f7d59c144a0b9f4df9c9a801fe,3,,,2018-08-21 07:49:00,2018-08-22 07:49:00
r1ac420e4e7ce419e84eccfa194b0434,o266221164eea4bc190d2d6d7cd5620b,4,,,2017-11-02 18:06:00,2017-11-03 18:06:00
raf06e776ff2746ebafe650bf6015653,ob5a0e0ce8136473bac4ce9f83f07f0c,3,,,2018-05-26 20:42:00,2018-05-27 20:42:00
r62124f6a378844dc8b712dcbb19dc01,oebb4cd04b2074a1da206833d0cf0a8d,3,,,2017-06-30 14:07:00,2017-07-01 14:07:00
r8027d55f3a924e36aae0150a89783b1,oafb98458b97f499abc2b9d0da93b75a,3,,,2018-04-30 18:09:00,2018-05-01 18:09:00
rcdcd3b94f9214593852c46ebb96cd86,oc7a71a589d5e422b8489d89ace29800,5,,,2017-12-01 18:25:00,2017-12-02 18:25:00
r764e8c00cf0f473eb75ebd65854e972,oc9a350a18acf4c2ea664719462aa8c1,4,,,2018-06-17 09:58:00,2018-06-18 09:58:00
rb3c2eabad2e64fb7b4dae4e6cb19d03,of6b97b1a64f64f899f959f2c0139271,5,,,2018-03-13 16:53:00,2018-03-14 16:53:00
rc9f568fd6d174e5d9ad46472f281b04,o483eb69552184dd080bb624a99ecdc2,5,,,2018-02-08 20:35:00,2018-02-09 20:35:00
r09f56ea356eb4eafa18e149662181cb,o3f7676076d994a499c0e77a0f0155c8,2,,,2017-02-16 14:48:00,2017-02-17 14:48:00
r632a18027cbd4413a929016b1044a9d,o44a65bcc0a9b4832a1b5f35f4da2ba6,2,,,2018-01-27 19:03:00,2018-01-28 19:03:00
r41088f146d7f4800a2d0cb459f3549a,oa37cc5c9a0064398afee6b5ffc84970,5,,,2017-10-11 19:44:00,2017-10-12 19:44:00
rea7c85547b5445799975c0ab9abaad0,o7810117bb66249d787b75e20ff67d1a,5,,,2018-03-13 03:58:00,2018-03-14 03:58:00
r26e0001a62574e2aa95f229e20cdb2f,o1713ce94c2064a67a351bc5d9e995fc,2,,,2017-09-03 23:05:00,2017-09-04 23:05:00
r76a8024589894ed6beded6858282e9e,o684531f07c524494982ed33a4fcc2eb,5,,,2017-08-02 16:42:00,2017-08-03 16:42:00
ra875f91a437747bd9e583fba0fc35b5,off4e2a9a86174f4695cab28dd93719a,5,,,2018-07-24 14:46:00,2018-07-25 14:46:00
r75b1f612ae6e4339adb2a0183ede49a,o9a1cf03f037e4e8fab90cf5068df7f5,4,,,2018-04-27 11:33:00,2018-04-28 11:33:00
r33134bcde9d54b9795d33ac6fa6e42c,oad5ff54d79054821bead88f2cabbe05,5,,,2018-01-18 23:21:00,2018-01-19 23:21:00
rc6397ca37723430d948b73aa9672099,o4c816f23f7fd4517b8a5c4b2616828b,4,,,2017-05-24 10:16:00,2017-05-25 10:16:00
rd88c40dcc1c84775bdafc0b145e9b70,obb407400040e4a0e9c82ed7eddc8f86,1,,,2018-06-21 19:34:00,2018-06-22 19:34:00
r871dfb2cd9634db89f156fa8cc079e9,od70823c239454d5aafaf45c5e8c4b86,5,,,2018-08-01 23:34:00,2018-08-02 23:34:00
r64e4cdd84a1f4aafa5dd7532bae0b1a,o41e7a47e9a2f4f8f80abac163651481,3,,,2018-01-06 18:06:00,2018-01-07 18:06:00
re418220d6eb54ed394871b2e6597b36,o1cca9b0d1f874b758160ca69981ab6f,4,,,2017-10-10 18:44:00,2017-10-11 18:44:00
r80c56f6f88f243df89c1e68d51bb8b2,off689e66b8b040dead10cac5e823c30,5,,,2018-07-09 23:18:00,2018-07-10 23:18:00
r0c69cb94b6784d619b3ff4fc3808008,o32302edb28144fe1ad5e768589c8fdb,5,,,2017-09-30 05:32:00,2017-10-01 05:32:00
r43727e4e84794b5097427982230606b,oc2cc0bd2f030426daaf1ada0956c205,4,,,2018-06-29 17:23:00,2018-06-30 17:23:00
re8be916b7fc14d5d8efade2a433ab0a,o77d22556afda498d8ca605aa5987109,5,,,2018-03-30 05:57:00,2018-03-31 05:57:00
rbacda7457a524edfa2384f9c2100648,ob1587516082b438682d888da81dfa9f,3,,,2018-02-24 03:53:00,2018-02-25 03:53:00
r1457e44bb6a2459498a8ec56a0c1a54,o4e97012f40e541369e69a05693faff1,5,,,2017-10-06 01:03:00,2017-10-07 01:03:00
r92ee34ba4ecf4fb38892b283320cb8a,o4bd36538a14c4938b56595dcd932701,3,,,2017-09-25 00:24:00,2017-09-26 00:24:00
rc0dd0331047e4f769d92392a727087b,o24af40d0591a4b8eaf945ba16a1b15b,2,,,2017-02-21 18:55:00,2017-02-22 18:55:00
r5efa6895e46c4b5893bbde0a0e3bc37,o882bfadb2f104a518c2f744a22655f1,2,,,2017-01-28 23:12:00,2017-01-29 23:12:00
r6421c517fa6d469aa48f71ad097f634,o085fea75142442d8bd2991e9fe72b03,3,,,2018-04-11 02:16:00,2018-04-12 02:16:00
rc57d309c11d64b12ae2db3210c20057,o50560a52a3e14daa962ed5e61dd7d5e,5,,,2018-04-03 03:38:00,2018-04-04 03:38:00
r9c745d2650fb4d7ba072ad9dfdf5aea,o169103c66be34e3f9b73693e8c6699b,5,,,2018-06-12 22:59:00,2018-06-13 22:59:00
r2528204e77d94cd8a0b8241f1ac7ab4,ocbabbc315e134ab9b5713d5b2c69a92,4,,,2018-06-22 22:27:00,2018-06-23 22:27:00
rcfb2bd81fd1c4ef4b4c386febf93fa3,o3d04170f26cd48cab3e5b7a422c4a8c,5,,,2017-05-02 22:55:00,2017-05-03 22:55:00
rc9003f1fc7da4db59c4a6d8a674d90b,oe863a696b9bd4c8ca9b46a3dccb377b,5,,,2018-03-13 15:11:00,2018-03-14 15:11:00
r918fca30981e47019483ae5e52fd35f,o58c567e223d54d0abe1d79abad73074,5,,,2018-06-03 21:40:00,2018-06-04 21:40:00
r5797710d09804c8998dafb40d69067a,o5910b444fe7a4646b7ce37bbc45b0b0,5,,,2017-04-13 04:42:00,2017-04-14 04:42:00
r5dcdb7bfd5e043b18f391740f2b787b,o4c513064f8bd45d98b12c8a20b948af,2,,,2017-10-23 18:58:00,2017-10-24 18:58:00
r835066d1cb9746c6b7b0bd4b5f25e34,o5ff476d4849d4974a07060701002ffc,5,,,2017-11-13 10:08:00,2017-11-14 10:08:00
rf45cfb72ffbd4c039cfcb53b5847906,obcb3497759ab409caef7dd95ebe89dd,5,,,2017-07-03 14:47:00,2017-07-04 14:47:00
reab5089512a44641adb0fb8f95ae2c9,o54be37ef74d14ce5933734d2e5680f6,5,,,2018-05-20 23:31:00,2018-05-21 23:31:00
r93abfd54a2d44e0db6af2bcef01d48d,o00aa9c1ea0ac4a67b6bc47dc317ce4c,5,,,2017-06-28 23:46:00,2017-06-29 23:46:00
r2b36858d7452460f857c35630da696b,oee04d53a5a13498c8a49b9c08501909,3,,,2017-08-07 22:44:00,2017-08-08 22:44:00
r2c5e534c3071443684e47f12f65c2e0,obe014c02650341d1bdf8c8a052659c0,5,,,2017-03-15 19:27:00,2017-03-16 19:27:00
r57d4d59f71964eb885e15f5ad7d96cd,o1c977a8dab064fbc9773940c9d7db6c,3,,,2018-08-05 20:32:00,2018-08-06 20:32:00
r09b35c809f2b4a60b230fe927244137,oc1542653dc7b4808ae3189d067979df,5,,,2017-09-20 02:30:00,2017-09-21 02:30:00
r6ebe4e5ae3bd4473bc3cab0197749a9,oaf6065a70ec54a978b6f848ca9ae015,5,,,2017-02-06 21:09:00,2017-02-07 21:09:00
r1ca551d1b9bb4a3bb9b2c7936157570,o65dcf00585ae4cb593eacf311f3f1d6,5,,,2018-03-20 20:56:00,2018-03-21 20:56:00
r7c8dccc9523b4ffa835ffcdc59638d4,o2fdcb672d01349a0b64b81456743eab,5,,,2017-08-03 17:05:00,2017-08-04 17:05:00
r67746e1e65f84008a7c053d7ca7afc6,o21490777f76c4d2fb0579fb4b623e6d,5,,,2017-03-08 21:16:00,2017-03-09 21:16:00
r619a442ba626417fa50bea9d286ed9a,o9a4e1180051f45929cb04b3f0617109,5,,,2018-01-10 21:18:00,2018-01-11 21:18:00
r8b886a911e664454ae5613317a4f0b0,o8ef11ec7e48b48a5bc2af981bb84750,5,,,2018-07-07 21:37:00,2018-07-08 21:37:00
rd2aca715d6b840e98b4f7800882ca1a,oedb119304d124a63ae2532c929e2017,2,,,2017-05-17 15:23:00,2017-05-18 15:23:00
r040e5dad629440a1acb1f8a57aeb4c1,o8dd5ecb0ea3b4ab4ba34d1d03648ad7,5,,,2018-07-26 19:04:00,2018-07-27 19:04:00
r8c49114e217f47419b83f1e01bdbeda,o4f5d5d4a72af4fdd8e85aaa3db06777,5,,,2017-08-06 02:34:00,2017-08-07 02:34:00
r763d42f685154d3a9c8f4d5c55fc7ae,oe2fd85a4ec4e43c7b40b2963caacc29,1,,,2017-07-23 13:45:00,2017-07-24 13:45:00
r2b41bcd1bc3b466d8653976f031e6e4,o2040781777ab4247b8f4e0f2f9f06ca,5,,,2017-04-01 02:01:00,2017-04-02 02:01:00
r8caeb0af97a14095bcd124197851279,o5bef261cc3a2429297035ced30eb17f,5,,,2017-02-21 13:47:00,2017-02-22 13:47:00
rf7c3ec3daeb84617a0954850b12032d,o90e96970ff914689a9dee147a5fbb03,5,,,2017-02-08 06:08:00,2017-02-09 06:08:00
r8c09f49d018448c2a5ec13daa63b81b,of4d39dbd9f1b4af58709628f51ff2b5,4,,,2018-01-16 18:52:00,2018-01-17 18:52:00
rdbcc8a9cbcc941199bdcc9c1fe7b7ea,od3a3eccdcba542d78a88511bff13f69,2,,,2018-06-01 00:02:00,2018-06-02 00:02:00
r860b61c5bc24453787d8908188564a5,o96e317d4b4074067bcb03ef10d3b0b6,4,,,2018-08-11 23:56:00,2018-08-12 23:56:00
rd02ea191466b43638d994403355ab0f,o418570f8ae9144b5b2a8187109452fa,5,,,2017-06-22 23:19:00,2017-06-23 23:19:00
rc2da6550efe943f9b6a9e550d4b315f,oe940c35a57794016a9614a93d5e674a,4,,,2017-03-09 21:24:00,2017-03-10 21:24:00
r6cef0cd1ac32472e8fcd2b99e4f62ff,of7340c5fb9c141d7b2f4c49a791b40c,4,,,2018-05-12 01:29:00,2018-05-13 01:29:00
r0f05ec03139c463992ad17904a85e47,o29cda3fbdd054c5794c62816181be48,5,,,2017-07-22 22:08:00,2017-07-23 22:08:00
rf81e53223f444767aeb457eff3905c4,o5249a27bf3d648e2a8dbc17eb632521,3,,,2018-01-07 23:12:00,2018-01-08 23:12:00
rd53f0aacb91b4170ad7f4ee54578a20,o604d896336a3447eb738d7a094a7e27,5,,,2017-08-24 20:40:00,2017-08-25 20:40:00
r34c40ff0c4cd4465a8ba1577eca0520,o26b85c8b52134891962abdf3055fc08,5,,,2017-08-12 16:11:00,2017-08-13 16:11:00
r9181a3dc6c9449a5a194bd818f13276,o2d5cd2e5b30f4cc7a0dae3acc510efe,5,,,2017-09-22 01:51:00,2017-09-23 01:51:00
r334c807def1b49d0abeee8219415bc0,o981d3c9454a14a13895697189fc380d,5,,,2018-07-13 21:50:00,2018-07-14 21:50:00
r7839b55dc75e4deb93f963a7bc2197a,oba7882852883457296c6768c30e09d1,2,,,2017-08-11 18:57:00,2017-08-12 18:57:00
r43bd67bdbcd242a0a7e1de810525ef6,o22eefeb8f71a410e87bb22a993b7fca,5,,,2018-04-30 22:26:00,2018-05-01 22:26:00
ra1f7717dfdf646698a5dd73e04ba562,oded68877de8444d48faf525c7d9ad66,4,,,2018-07-28 16:21:00,2018-07-29 16:21:00
r3fc51b9701334aa4930e963584d73b7,o760f9c80a4ef4a2dac462ff3de7d1a6,5,,,2018-08-25 00:41:00,2018-08-26 00:41:00
rcbc644b3dba34556b23faa85c113222,o133614b8a35d41c5b78b774718f4897,5,,,2018-02-03 16:36:00,2018-02-04 16:36:00
rf494c071f5e5409485a8a838d76aeba,oa4788be75a4d485dbd0986b89dcb196,1,,,2018-02-19 19:25:00,2018-02-20 19:25:00
r8148ccfd22074c04afbd1b867928a21,o04968f1f89e44791a87c2a599ab60ca,5,,,2017-08-03 14:18:00,2017-08-04 14:18:00
ra04c5d9176c34ea89da397a51980ae1,o14e57f0a20e4496eaee794ac27ed9aa,5,,,2018-04-07 00:42:00,2018-04-08 00:42:00
rf6bc334253b147e1a072b19b06738e6,ofddb27f390a9491c9e63ba0f2c84ce3,3,,,2018-02-20 00:02:00,2018-02-21 00:02:00
re31cae99596f4e29b3beb76a2f3b02a,oaa9fa90f8cbe41788ecd4d1f892f50c,5,,,2018-03-19 03:10:00,2018-03-20 03:10:00
rbeb99d99adbc4ce6aacdb267823388c,od4144bf14fc44ac59ad598d2fa48e98,1,,,2018-05-15 12:05:00,2018-05-16 12:05:00
r4982c876d52146cb9df64ed61742fbf,o3f666d5522d04d418bf29d59f537445,5,,,2017-08-23 06:02:00,2017-08-24 06:02:00
r29f729d7235945c29120169d2977741,o9339bf232a5c405d8b43de38394d75b,2,,,2017-12-11 15:35:00,2017-12-12 15:35:00
r4c23803a1ced497db102e3369ad2fa9,o0d4c27937bb140679165d9cd64a8c68,5,,,2017-02-21 21:56:00,2017-02-22 21:56:00
r9460107734924be8a0da4332ab0987b,ob59b9a59df7b4f8998bd616b81ec9b8,5,,,2018-05-20 18:21:00,2018-05-21 18:21:00
r405dc29af44747b4b51b59707d294e1,o42d8cfd9fa2545c9aa95dd7cf9355c9,5,,,2017-08-06 22:24:00,2017-08-07 22:24:00
r2bfca7c37daf47389ec814da9786738,o095917fa9d884f38acbdae5353b620c,4,,,2017-09-22 04:43:00,2017-09-23 04:43:00
r586ec34f6e514ed5b91a9b04ad6d10e,o0776bde18f814454a3872ae55f2e8f4,5,,,2018-04-16 15:32:00,2018-04-17 15:32:00
rca73b0371f5e4ea78e9d637432deac3,oe778acf4da744b37ac5f0672cf28248,5,,,2017-08-04 18:58:00,2017-08-05 18:58:00
re01ecb72b55946239a705a8fab4def8,o177b86d43b884d739ce73388f48bd51,4,,,2017-06-07 13:38:00,2017-06-08 13:38:00
rf2d98326abce4a2fb235e9f63628b67,o680ad36fa27542e289e3aa718c19c3d,3,,,2017-11-12 18:34:00,2017-11-13 18:34:00
rd0f9e848d8204aecae1e3357f223289,o5ed12206eae24b4d8668230bdb30587,4,,,2018-06-28 18:41:00,2018-06-29 18:41:00
r18a38ab01e124cd89707eb63f38e7ba,oe5d0bdaa950e4a00852b4b68ed47e03,5,,,2017-07-03 13:18:00,2017-07-04 13:18:00
rc7fb0e218b7f47c289d873a9bf5a220,ob7502001ef514554a4a646c3ceec749,5,,,2018-05-22 21:48:00,2018-05-23 21:48:00
r8b034df9ff324b98b7af6f860948927,o1221a280dcae4264bd54c3a4640c970,5,,,2017-11-13 02:12:00,2017-11-14 02:12:00
r1a11b2bbbec94581aecf17e127a9cca,o0110fc166927447aa8f24e7f7eb9231,5,,,2017-11-05 22:46:00,2017-11-06 22:46:00
r638c5daf4e8940a5882647b451b1bbe,oe0931aa611024cc0ad4176b27b2037f,4,,,2018-06-29 00:38:00,2018-06-30 00:38:00
r6c6fd3bc46be4690875679b297e01f0,o01672a1f6aa449d7814e7f874e647e1,1,,,2017-09-01 19:18:00,2017-09-02 19:18:00
re9e5ff939bf94ef2bcbca6ed396963b,o118760a48cb3407896a678e16a3cc24,5,,,2018-01-03 08:25:00,2018-01-04 08:25:00
r4dae0af8bfbc4212a09df4622699d6d,o70f4c4abd1ab4f8a81f549a57ff5fa4,3,,,2017-01-28 00:46:00,2017-01-29 00:46:00
r3854e5a5aee745d48695787c6744a2c,oe622cdf3b85c4ecaac35fc078ec27e8,4,,,2018-03-05 05:01:00,2018-03-06 05:01:00
r77d826f2186e49048758e1fd8224a2d,oabb9deaad9e14cf4ab53b5709f0bcab,5,,,2017-02-14 12:36:00,2017-02-15 12:36:00
reb5a618c905f4a74b7f0dd3779cf382,o2399e751dcb4492cabaf1fc28cbc856,3,,,2017-03-10 20:02:00,2017-03-11 20:02:00
r9dbbe202954d44ac8fa82a2b6d5d9bd,oa6202dcad31746f09b76946c9bc4058,5,,,2017-06-10 03:13:00,2017-06-11 03:13:00
r1087a30e01034d03b9c770c41de96d1,o1c0dd9d9f2a444fca635d13e1c2986f,5,,,2018-07-23 03:04:00,2018-07-24 03:04:00
r911a77d81b644eb1966f92c464c8d00,o2c207fe0e65a4611b929bb9ed2c147e,5,,,2018-07-14 14:44:00,2018-07-15 14:44:00
r00f904379bfd464c89c3d9012fc7be3,o6bb80826f6a5460ebacfd9751a9fc60,5,,,2018-03-20 21:45:00,2018-03-21 21:45:00
r96ace73ce6574257a5afc7b69a03d5a,o7c1b2a39a3d4477f9c54d941f0d7c54,2,,,2018-06-21 20:08:00,2018-06-22 20:08:00
rf69803991f2a43b2b0c941d4d573340,of2f40c52d55146b182dbe2a24fdb070,5,,,2017-07-09 12:23:00,2017-07-10 12:23:00
r8f8ddb740f4a4030859432228070210,o4bb7021691ee4708a10c533cc90de18,3,,,2017-05-02 22:31:00,2017-05-03 22:31:00
rd05166b74c8844c381683ee7939ef78,o8453ce23a6e541008eebfcb9877dcea,3,,,2017-06-23 14:47:00,2017-06-24 14:47:00
recc37b92c1954df4aedc3dcff8fe95b,o8e2e8514bdaf4bdcaf3f5258f86405a,4,,,2017-12-21 09:48:00,2017-12-22 09:48:00
rbc22770d65e244428b7cc0e650906d1,o5ff1edf58da0484c9bb29c834fb5de4,5,,,2018-05-21 22:48:00,2018-05-22 22:48:00
r958ac2428ba047519b68dc004e80468,oecbb36509e0b42ba89ea46a751bc3c5,2,,,2017-09-05 13:08:00,2017-09-06 13:08:00
r18cda56145c343f8aa2e10c3bf998aa,ob991d2fffd7045429556ac5cd8699e2,5,,,2017-08-17 18:30:00,2017-08-18 18:30:00
rfdaffc16be8a41e2826e986044531e2,o9d3f9f1d48e942ad963a509d0a73f46,2,,,2017-09-26 04:17:00,2017-09-27 04:17:00
r8ed9d5b93e0a4111b93731887341735,oaa5b3dbd432349728632c97c9d74eed,5,,,2017-02-23 18:12:00,2017-02-24 18:12:00
r7bdbf16864e3424c9f4f3a8c0f3456c,oc2fa87aa1bd64712980e14ed4fc7875,5,,,2017-09-21 13:34:00,2017-09-22 13:34:00
rde8141b7fabd48d5be712920f53acd0,o14a105d30b91442fa78a39caf2a9ac2,4,,,2017-10-03 22:40:00,2017-10-04 22:40:00
r6bc6a61c81f742dca513a8e5da96767,oe5f8e5df55a54951aad877052685c7e,3,,,2018-08-21 22:46:00,2018-08-22 22:46:00
r0002decf02964d548c4c1bf5084b5e4,ofc848e6f9cbf470b96cc3c6f84e323b,5,,,2018-02-16 19:01:00,2018-02-17 19:01:00
rd509d0820a374dbfb9927873b237293,o6e2d9b1ebabe45a69bcae75ebac298d,4,,,2017-06-26 21:21:00,2017-06-27 21:21:00
r37eb452641b149ada3a2dfa7bc92725,ob0e41742a79e449a829cd58d3c506fd,5,,,2017-10-28 15:58:00,2017-10-29 15:58:00
r44d235429ddb471e9e0fe1cab03ea54,o49f70aadbc804f0aafa527a60b6a091,5,,,2018-03-19 15:57:00,2018-03-20 15:57:00
rab74f7d043294e8fb09421e5240eab4,o615582bf8db447349fd39f59dae3641,1,,,2017-09-26 18:26:00,2017-09-27 18:26:00
re572a0cc56384cad90273401f6f93e1,ofcb1d02e7ae84fedb1f77ae914c3c8e,5,,,2017-05-01 17:58:00,2017-05-02 17:58:00
rf8da7c986fbc44df8cd2ac3019c056b,oc4d6ba6ce28445d79ef214ee60339fe,1,,,2017-04-18 19:04:00,2017-04-19 19:04:00
r29790b70e91c41029887834b22e41cf,oa286be4c0be84607b0d0a08c194e0cf,4,,,2018-08-01 22:53:00,2018-08-02 22:53:00
r8edbeda89f384f07823ae00d2ab09d5,o3b9fc654ccd740539037afad0da0d16,1,,,2018-05-26 02:20:00,2018-05-27 02:20:00
rad72ebee011049e3aadc98ef4f4398b,o305d2291a3934266afa41a39e79c4df,4,,,2018-01-20 11:44:00,2018-01-21 11:44:00
rf8d21b00429c489ab9b2340a5a46ef1,oa9765f4fa6904055b5f7e6c324b3f8d,3,,,2017-09-23 14:39:00,2017-09-24 14:39:00
r15fddf3c9fca4e42b384f5545ae1429,o3fd8e347bdc64fafacd0f7df542e577,5,,,2017-10-11 16:16:00,2017-10-12 16:16:00
rcd6d9d8c93ee4ad7be382592e500055,odbf44d4bcbab4c728861a483c32db46,5,,,2017-10-05 19:02:00,2017-10-06 19:02:00
r8d49a2d108564c89bd1830c51d3a7c3,o4fbc46eb83b440dca65c6fb85f3d4d7,5,,,2017-05-02 16:11:00,2017-05-03 16:11:00
rf9ea2128aae64b55bc4547da9ab87f2,ocf2eed7e33a74e97b1dc89276e1885b,3,,,2018-08-24 12:38:00,2018-08-25 12:38:00
r46326443c1144c348f2b9a80c77d718,obbd0c11e3c7343e9b6d953666941aeb,5,,,2017-10-06 13:53:00,2017-10-07 13:53:00
r281b2c0dde944a21ab062be946ebdaa,od78b206baef64a2193d7e6c8dc8e4ca,5,,,2018-04-28 20:26:00,2018-04-29 20:26:00
r930f61b67d8b42658fd237a4d63e69d,o9b4ac8f485284a0b8918a33376b3902,4,,,2017-04-05 04:53:00,2017-04-06 04:53:00
r398909bf800a4ee68d7c6db68c3be9e,o68353b62eecd441284b5a1aa6304f67,1,,,2018-03-07 23:45:00,2018-03-08 23:45:00
r4d59b1efb5f242818e0f11327f01098,o398c4b8386f44cb5a0175d87f9cf60f,3,,,2018-04-22 22:40:00,2018-04-23 22:40:00
rc9929af979314b87a92fe7e77d4dadf,obd97dc98fca845c4b7b3632133f3d12,1,,,2017-04-05 22:54:00,2017-04-06 22:54:00
r7c4ea5925b5149df9e963b1209e4239,o9f5a87fc1b8e4968a594d032c45768a,1,,,2017-05-31 01:22:00,2017-06-01 01:22:00
rbc199c2b8e0046f5ac5a0d5efec002b,oe0f4bcadd7a74ee688eeab0dcd6f504,5,,,2018-05-02 06:51:00,2018-05-03 06:51:00
r244bf393b68b4ddaadea8e7d1484481,o060d35f349fa430d99f8de18014ff0b,3,,,2018-02-02 23:12:00,2018-02-03 23:12:00
r3342433e24b54c629154a8d12eef64b,o96aa55a24fcc49d7b690ff7e13888d6,4,,,2017-09-28 21:13:00,2017-09-29 21:13:00
r6ab620d495ab43d9a54475ee59d93b9,odc6e3dfcb4104712bbf673970147b2d,4,,,2017-04-01 21:57:00,2017-04-02 21:57:00
r952bca44b5b545fabed46f5fc1fd939,oa86fb89d5e534c02849fa540bfef693,4,,,2018-04-22 18:08:00,2018-04-23 18:08:00
r6d1103d658d14d9d894c7fa0b0338d4,od42611e1e8694cc4b08316ec4e677ad,3,,,2017-09-10 11:05:00,2017-09-11 11:05:00
reefd6b0db3da482f81fe8d222cc92c6,oc91bda21567442d290e8f98eab89aee,3,,,2017-05-21 05:33:00,2017-05-22 05:33:00
rde917d903b954e6594361be428d4da9,o98b9b1fe190b4714b49e01a0d919c8f,5,,,2018-05-07 20:12:00,2018-05-08 20:12:00
re15482ac3e944687ac8ab76889fe713,o60b035f94f6240f3bd0f6186f1bdbb0,5,,,2017-11-22 18:41:00,2017-11-23 18:41:00
r3959f79a1ff44f3f9aec8d90b1f9de5,o824a48db33cd48bf991061708a3cc9e,2,,,2017-04-21 11:41:00,2017-04-22 11:41:00
rdaedaf4c284b4b15833e1fcf27543db,o659a0cd6db5a4535a2646ee561e081a,5,,,2018-07-06 13:17:00,2018-07-07 13:17:00
r2ffba30d98b749058d1ca7e9a04b4bd,o04d4a6cbad6d43abbdf9a59b526f66a,5,,,2017-07-12 00:43:00,2017-07-13 00:43:00
r99199ed89a8245a2b80056ab018b46e,o838e310658604aeda2a73b096524206,5,,,2017-04-29 21:52:00,2017-04-30 21:52:00
r41c3e6e0f44043e183ceced63af0cc7,o93b2fc62e3f34409b03cb8b89f2b107,5,,,2017-12-21 03:49:00,2017-12-22 03:49:00
rd8058c0e8be24c2c96036ef0171323b,o4e4a348b2c9c499d946d8ee95fda511,2,,,2017-05-10 22:50:00,2017-05-11 22:50:00
rf3542e8609714e4a9233b87544a35d2,of02097550afd453a8a32981cb4c605e,1,,,2018-06-12 18:00:00,2018-06-13 18:00:00
ra6bc9fa147d44c0a862157487b8361f,ofda0c04291154c6fa8d74005120eac0,3,,,2018-03-19 00:57:00,2018-03-20 00:57:00
r91c8c14a5a9e44c5908e3fdcee3b1de,o69a40ce9f78047abb6e3f0ab681adbc,5,,,2018-01-30 05:56:00,2018-01-31 05:56:00
r991b6c7ecf534c51a05501b599276c6,ofa2d8d83836e45cc8d08251ef2c4d56,5,,,2017-05-14 16:42:00,2017-05-15 16:42:00
r3a14aa06bd104ea3b59e32dc286739f,o96bd8801e2574762a06b64233492842,4,,,2018-06-19 15:35:00,2018-06-20 15:35:00
r53a7741383104c81bcdcdc3f8008597,o895685dd845845908f338c79ed26205,5,,,2018-02-22 17:59:00,2018-02-23 17:59:00
rb738e24a7c1e4563a389b5b7d06ea3e,o7502847076b047f6afaa4e9e15284b6,5,,,2018-05-15 22:18:00,2018-05-16 22:18:00
r01bd2b194f8f4dccb21ce31fa4895a8,o19e8a78c20fe4c19970172af9fb456a,4,,,2017-03-06 19:08:00,2017-03-07 19:08:00
r6f8273b8bd47469c8b9a1cace00b759,o4b07d84d8024452f98677e958c306d5,4,,,2018-09-11 16:37:00,2018-09-12 16:37:00
r6451291553c2425b846b6fc6b362af5,o5a2b7f6a6c584fe8845cc0dad5464c5,4,,,2018-03-13 19:03:00,2018-03-14 19:03:00
rc3d710643173411e83eea07ff8678bf,ofa0745e40183429a9c4dc2110743e87,5,,,2017-08-20 06:10:00,2017-08-21 06:10:00
r37a186e0b6be4a2ebf1286602d8922d,oa2e186b74ca545fba6304ddb1ade4a3,5,,,2018-01-17 19:57:00,2018-01-18 19:57:00
ra8a6efaa8f784633bc5e98c33e89a9d,o4a22e2ecf61f4426a54ac7a494d534b,2,,,2018-01-10 16:55:00,2018-01-11 16:55:00
r70486abe88d24f2b9f049fd12c7b4f9,o7795e6683c1f46a3a834a718630969b,5,,,2017-05-30 00:35:00,2017-05-31 00:35:00
rc54a25ee94cb46d0a91413cfe531707,oda275ef0f9ea4cab874c7ba367b92ee,3,,,2017-09-07 19:59:00,2017-09-08 19:59:00
r1bf37b3d459d4b90b3c99dea2e0a6e5,o7e179665707f47b7bd7fa32a752929e,5,,,2017-03-13 20:03:00,2017-03-14 20:03:00
r9c7e17335bb44d37be768439fe981aa,oc8c64bbaeb764e3687ed7da99e69ece,2,,,2017-10-03 23:57:00,2017-10-04 23:57:00
r506a39bcc5ed4c378a29a0e5e2b41a1,o6d1a492115f94a53835c6e96cc22d35,5,,,2017-01-28 16:53:00,2017-01-29 16:53:00
r59f48afce62c4c9a82a2db4aa8c03a9,o55d230b97f1b4c11befc74e6b04aaa4,4,,,2017-01-24 18:51:00,2017-01-25 18:51:00
r620a21e2bc8340c7bacefa452b17cc2,o8ef7d662815d4cd69443a939885d5ac,4,,,2018-04-11 00:01:00,2018-04-12 00:01:00
rd6b401a15c2f42cfb4d524bbde61d6c,od088c9cc8bfa4f148506b30fd2f18be,3,,,2017-09-14 19:06:00,2017-09-15 19:06:00
r755a4a27805a4e34a58e7478c9c91d1,o3773748fecbb4f7eb709511a2f85ef4,5,,,2017-07-19 17:02:00,2017-07-20 17:02:00
rd11921e21ff642558d06eef38a5d60f,o9dd0bacc4829420cabdb790d0fd6298,4,,,2018-07-27 04:07:00,2018-07-28 04:07:00
re3b6f5cf05ae4b578381bc3869fcdc7,oe2755f1e995d4f04999ccd9cabb02f7,5,,,2018-01-29 13:22:00,2018-01-30 13:22:00
re604a8ee715d4a3f8657ef3e882a56c,o46920ab64c3c457dbddb2bff95fafbc,3,,,2017-11-25 12:05:00,2017-11-26 12:05:00
r5712aade780a4865a7c2ea5c30d7619,o6ca7819a99284db5ace2235717f6a32,4,,,2018-03-29 23:08:00,2018-03-30 23:08:00
ra48023009b204294b208b9aee98b390,o25794803ec0c46b9b749e53b1cec59e,2,,,2017-08-03 05:49:00,2017-08-04 05:49:00
r1728cd90ff114dd6815007e92c51c30,o532eaa4383fe4002ad08e1d08b35272,5,,,2017-10-27 20:24:00,2017-10-28 20:24:00
rda070ab3635e462ca2979c6ec5e6f7c,od7cb8952b1ad4279a6b6a16df889ece,5,,,2017-08-31 04:17:00,2017-09-01 04:17:00
rc8adbb8cb17049e78f1ac09d7a9cef8,o841bf5c47d7a4c9d9862989f4fc28c4,5,,,2018-03-25 03:16:00,2018-03-26 03:16:00
r0381992e64514bfdbb42cf2ebd7359b,obc87f096240b449db6f1155677ddaf3,5,,,2017-01-15 19:08:00,2017-01-16 19:08:00
r6328722b500740ab89fe4e8f8a6c1dd,o7037a977cc144573bcb97b5e450e1d9,1,,,2017-12-09 23:42:00,2017-12-10 23:42:00
r36913d5bdd464e3eabe62e6e275105b,ob12ecd0ea8e9460185967f8dedd6abd,5,,,2018-08-10 03:20:00,2018-08-11 03:20:00
r230708b2991f4cc1b509ecc37491626,o7905903cca7a4d9b8fdcc1e2d75348d,1,,,2017-12-27 16:38:00,2017-12-28 16:38:00
rde7cf8fcc3ca45868f55d227448de51,o03cf6793218842128fa877831d634cc,4,,,2017-01-25 09:54:00,2017-01-26 09:54:00
ra28341256c5d426f86b5729a696d5bb,of8bde2fdaad541338925109525ac993,3,,,2017-05-02 18:04:00,2017-05-03 18:04:00
rf4a6edd796844844912312b55ff63cb,o7104f2a0b157493792d96850679636d,5,,,2018-02-12 20:48:00,2018-02-13 20:48:00
r6e3b1a2331cc4b5e94482fc898d65f4,oeeeb387cec6a4aa490f762a8eb286bd,5,,,2018-06-27 07:53:00,2018-06-28 07:53:00
r7bdaa6c07afc428fbaba2cdd87403cd,oa69242f4b398462f9691d98dfd7ec61,5,,,2017-12-14 03:45:00,2017-12-15 03:45:00
r7f9d3d8a02114fdaba623215da901f4,oe19aa9277bc746caa3e3603546f3779,2,,,2017-06-10 07:55:00,2017-06-11 07:55:00
rcd86f27aae0041c693b354bb5d18c28,o490746e6ce5e4471a51c80d8c2ea7ae,5,,,2017-06-29 18:45:00,2017-06-30 18:45:00
rf2ce4360e89b467c832f189fc72fce8,o0de4c6ee16cc4fe0b1b72b84be6796b,5,,,2018-01-19 19:49:00,2018-01-20 19:49:00
r17c13d0940184bdea83a253443cb4f3,o67bc7b1d6ab747f69e6722f704f0f79,5,,,2018-05-13 14:10:00,2018-05-14 14:10:00
rbac450ae28b844c1bd7e56e6a59aa1e,obcc73c494bc344bf9a9fdf253358150,5,,,2018-08-09 20:24:00,2018-08-10 20:24:00
r3a85a448a5554d2e92c23c9b79d9d9c,o93576b5ff2a4415dbf8bc56fcc0bd42,4,,,2018-08-11 02:41:00,2018-08-12 02:41:00
re81d4b2b18b14391abb8133f7c7bcb7,oed3223ac6809421c9fff8073c4470a4,5,,,2017-04-16 18:58:00,2017-04-17 18:58:00
r1ba9a9fa611b4fbda05e8454b606b9e,o5f06b9fe0a474e668b15201c62d3805,5,,,2018-05-25 05:55:00,2018-05-26 05:55:00
r5192559aa9d94c58843d1a0a988fd74,oaa7b4468cfdc4e4b85a9c094dc82d11,4,,,2017-12-23 03:54:00,2017-12-24 03:54:00
r245922d32a1242cbbb1c4f466f591c3,oc58a1eced8f3418cb0fdf99d07c159b,4,,,2018-06-23 20:11:00,2018-06-24 20:11:00
rea839953104340dd8db3e929a006d20,o85e717f51198472fb151e718e2955ed,4,,,2017-07-01 01:00:00,2017-07-02 01:00:00
r4b205be4721e48f5b4dc74b00cd78f0,ob9ae4d3a26c04ef9a43aa60e5988044,5,,,2018-04-08 20:05:00,2018-04-09 20:05:00
rd0d3c7f4e1c948f0a9dc45f96b14ed5,o1c809b457a03434bbd709beb047c7ef,2,,,2017-04-24 01:49:00,2017-04-25 01:49:00
re95cf933e36348b6adc9fcb94d51895,odf1be12e4140497bb291bf301efcf49,5,,,2018-03-16 18:21:00,2018-03-17 18:21:00
r4f3b07b9da5a433ba26e0a04d4e2d29,o9efa9429258b42a4942db4d0f3df34f,4,,,2017-05-21 07:21:00,2017-05-22 07:21:00
r9c272511541546e8b7a64df090b7e9e,o04edd37f8a43425380113396cc2421f,1,,,2017-06-21 02:35:00,2017-06-22 02:35:00
rcac39cfc63154497a30782f8f82e909,o20f55b649b5645fd95289dc9d756f4a,5,,,2017-12-06 18:52:00,2017-12-07 18:52:00
r4d8f1e903c9d45c1943da173fc75079,o1ff55f3532d04667bc3cbf4ee9ed2cb,3,,,2017-09-15 21:31:00,2017-09-16 21:31:00
r77bc5ec3335646558cc28f2533a0269,o5b8b92df5b6f426e9f4a33673d2ea1e,4,,,2018-01-11 04:46:00,2018-01-12 04:46:00
r9be65fdcce8745478e380b6dfa8e2a5,o05adc01e966045eba2b0ec295e10491,5,,,2018-05-11 06:21:00,2018-05-12 06:21:00
rebc068d98ee6409d8f63cc0b5ea50ad,o2aeeb4e61df14311862e3bfc735dbdc,5,,,2018-06-01 02:23:00,2018-06-02 02:23:00
re43d32dce36e4d8a98fba1d2e5d8b54,od6713ad251d0463794bd2dbaafbf91e,5,,,2017-09-29 15:05:00,2017-09-30 15:05:00
r499b4de0cde94ff79e74ac65a4eb643,o03b8b0e199cc4438bc557c5bdc1fb86,4,,,2017-06-05 23:46:00,2017-06-06 23:46:00
rcd59f7e84cc143a1b632de321818586,o5cae64fc330443aa89a37366fb7e529,4,,,2017-03-01 18:36:00,2017-03-02 18:36:00
rc711ccf4ddb848bfba86b5ffe4a9627,oa07c8d7a581f433496da9bc76418b23,5,,,2017-04-23 19:14:00,2017-04-24 19:14:00
rd874c478c4d447f59b3e823fb6c4831,oad118ba0057845708ef944f1c317239,5,,,2018-07-13 21:10:00,2018-07-14 21:10:00
rdd1b29dd3e354335aabff5cdb075ae7,o63f3a836e61843e9a3766dbc1d2cc3c,5,,,2018-08-03 01:22:00,2018-08-04 01:22:00
r82daaba0c1b74f439ea683fea194aa7,o0902ff83ab094f28bc9025262a675ed,3,,,2017-10-28 15:34:00,2017-10-29 15:34:00
r9512bb81f12245abbcf2cbb28dcc63f,o083d704931c04edf9084b351ad33f1e,5,,,2017-10-05 23:36:00,2017-10-06 23:36:00
r128cfa9768a4426ab9bf842091f02a9,o6dfc02bd2a7945d4b13c32e50a9d8fd,4,,,2017-02-13 00:36:00,2017-02-14 00:36:00
r385c222eef1a4c4f82d202cb5a3f13a,o74f5f49831174118a5da1a7d3db9b0f,2,,,2018-03-14 18:30:00,2018-03-15 18:30:00
r9ab7e642f6854521a13a049906ed4d4,od912ff60ddc04493ac8e01856855ecb,5,,,2018-03-21 08:07:00,2018-03-22 08:07:00
r987a8ca241004e82b24e7a41c70cf6f,o9903084623684f298cea505df13bdc7,5,,,2017-09-24 01:16:00,2017-09-25 01:16:00
r6f14ff1c52b64b729a0363f05176c52,ofbb08610dae44610939dad3be8e8e11,4,,,2018-05-30 02:28:00,2018-05-31 02:28:00
r749bd230ab50466dbac3af44f44ac69,o045262f32be64ffdb109e99ff25ef8b,4,,,2017-12-31 05:09:00,2018-01-01 05:09:00
r027f761a615f4866af07f3947b9c13e,o4e3b1772c2a14a6985a6d9b1887f4d4,3,,,2017-09-26 15:51:00,2017-09-27 15:51:00
raeafcaeef18143fa9063008331aa927,o03f0ff2120ab4976a29c7cc33e19673,1,,,2018-09-06 22:37:00,2018-09-07 22:37:00
r53c64261bda24dfa9aa1f0bfc83d31d,o68920b6c03704b75b8e5714335f991d,4,,,2017-07-30 03:51:00,2017-07-31 03:51:00
r3ac5ab39109248269b8ae632bc47ee3,o2b1aa240fb464bacb7d5ec427d1652f,4,,,2018-03-31 21:19:00,2018-04-01 21:19:00
r837f50861ac147b697b3d70b8a3ce95,o2e67a74a64f6418d8fe98bfc4319142,5,,,2017-12-04 16:12:00,2017-12-05 16:12:00
rb60bc0dc9dc448f7a7aaa705fad801e,of153c2e07d7d420d95215d165a6e60a,2,,,2018-03-30 17:41:00,2018-03-31 17:41:00
re813d4e441a5444f9eaec8581a40306,of43bb0a509aa47cb81ff7d5d67f31c0,4,,,2017-04-24 22:15:00,2017-04-25 22:15:00
r14cf425a817c49b9ad21ad28de1834b,o625d873aa1f34267bb696196c332516,3,,,2017-12-22 00:46:00,2017-12-23 00:46:00
rf3d6fd4b3b8c47d588fb7ae76f8f000,o3450f35739744776b5d499f0e6ad6b5,5,,,2018-01-17 02:28:00,2018-01-18 02:28:00
r516e745349204d42bffbcf2c33dab9e,o65773282fb4d42c983d44b85f9997aa,4,,,2018-02-13 17:00:00,2018-02-14 17:00:00
raf41bd0812014e1180d9e6d25fe5dad,ofe755fa2cbbd4cb08879caf57d162af,1,,,2017-09-28 12:49:00,2017-09-29 12:49:00
r677325532bfe4e85bad521f2ebf053c,oda18a952ba0649ce926df6868e0cec5,5,,,2017-07-01 03:13:00,2017-07-02 03:13:00
r7ffe22366e754f5a8bd6f2e41c33e2a,of75e0e9b0cd3409fbe45ba88e5d60c2,4,,,2018-03-25 23:19:00,2018-03-26 23:19:00
r9841721054d84d60a1300904816024f,odcb87c75e432448e95b3350bc6d8f85,5,,,2017-06-17 03:11:00,2017-06-18 03:11:00
r0a397cdbb3074a31a4840f1ccdf9394,o52633190142f483da797a18ceb2e5a4,5,,,2017-06-19 15:02:00,2017-06-20 15:02:00
re6a814304f1644269b6efe1779ab1ea,oc8b098a9e9314f728c6dbd4ceaa4e6e,5,,,2017-11-25 01:30:00,2017-11-26 01:30:00
rd85a2d63c10b44db9cfd7fb51bd7e5a,oa3f21d4173aa4133810830047f256df,5,,,2018-02-26 18:56:00,2018-02-27 18:56:00
rd7d35e33ab8041b5b51abb64d4135e9,o94f2c526bd27491093950846dc6537c,4,,,2017-01-19 20:40:00,2017-01-20 20:40:00
rc0ca46ed78d34b099e3dcfeac57b2cb,oc59761cdb3a74212b793f1a0f3ad56c,3,,,2017-12-17 21:16:00,2017-12-18 21:16:00
rb93ba3daff404e15927c0f225c72de8,o448c61884a5645c59e2c3d67ff33a88,5,,,2018-07-01 14:25:00,2018-07-02 14:25:00
r4f1d8b3343834b798ad53bd2fb89e34,oa5914965ee774be4af9eebf8f3513f0,5,,,2017-07-13 01:40:00,2017-07-14 01:40:00
r75e18e7972c04a9990c772519a593b8,oe394ca6c9b64404daeff378f5a59bce,3,,,2017-08-21 22:39:00,2017-08-22 22:39:00
rc7dc877602354fe7a4d13cc27615954,o0ba43148f6cc401da8f788c7d7fb1c4,3,,,2017-08-11 20:09:00,2017-08-12 20:09:00
ra7e1e67ce2834d9faf09b476d744a61,o04989f27292247278a008cdaf845b16,4,,,2017-02-21 02:53:00,2017-02-22 02:53:00
r7631e9e4621642ea80fb87e017ab17f,o14ac5a818f93406faf269a519b579d1,5,,,2018-03-22 17:40:00,2018-03-23 17:40:00
rd040bfb46d534dea87350734cb0ba5e,o142e1448ab824d748b1044a3fd275eb,4,,,2018-08-20 03:53:00,2018-08-21 03:53:00
rd3df371a3536410db1c68aed1cd92c6,o3bd17b8b2e634c399ef924cadb15bd2,5,,,2018-02-22 21:40:00,2018-02-23 21:40:00
r1d72f6e22676477281762e0258f16a3,o7a46ecbefa7a40408aa01043b85f6ce,4,,,2018-04-12 00:03:00,2018-04-13 00:03:00
r781a60da77d048ffba29a7541326c30,o39aa5f1ef8f642cdadf9f67e039246b,5,,,2017-11-24 12:58:00,2017-11-25 12:58:00
r468f04c71da54ff2895039a7848172d,oe2af4dd27e08485195abc715318ab27,4,,,2018-08-22 02:11:00,2018-08-23 02:11:00
r242e6d014e6c4c2aa2b81a5fbcca26b,o21a8d08fa2ac4c1984ffa17d5eb44cf,3,,,2017-09-06 03:52:00,2017-09-07 03:52:00
r8c88f431c82545d68f5598fd7b79b44,o5f62770c18f94cd99fb8474c12fe541,5,,,2018-01-17 22:51:00,2018-01-18 22:51:00
r41aa325865fc41b5988120f44d13792,oc63dd319f12a49da9c13929590c16f6,2,,,2017-10-08 20:53:00,2017-10-09 20:53:00
rc267ef337c534ea081f7612718ac375,of12eb5b593af48378a851acd67e92e6,4,,,2018-01-12 05:07:00,2018-01-13 05:07:00
r38de20adca6e46b8b4d5505af410158,oc82f08a57fbc488f96370f70a537ca4,1,,,2018-03-16 17:44:00,2018-03-17 17:44:00
r6f32d1948680486bb2753088a05bb22,o04483d2771d848f38c7c9ed678d44a2,5,,,2018-01-24 10:10:00,2018-01-25 10:10:00
rd6aa10ff390c45a1abfedcfabeb7559,o640f671bdd914fe098a3fc777e8597b,4,,,2017-07-22 05:09:00,2017-07-23 05:09:00
rfe873a67b59d46a2a3d5c554fe3cabf,o7eed9be685884765a856efc1cdaab06,5,,,2017-09-14 19:09:00,2017-09-15 19:09:00
r25e4a64db2b746199bdba89cf3874b0,o0fbe37adeb974d7ba3a5feac64299ca,5,,,2017-10-27 15:08:00,2017-10-28 15:08:00
r66c5d2238ffc420480bc6a4569701a0,o456418ea3fab4ec59d3ff587bea6379,5,,,2018-06-13 00:54:00,2018-06-14 00:54:00
r74c70ca2bc804d459e8e69181331fab,o6d12ffdb92644cbc8e41ecf6371e357,5,,,2018-01-27 01:02:00,2018-01-28 01:02:00
r185448f9dfdc4f6c974df68510eba03,od39ed554c6a84a49acc20c1c6070f85,5,,,2017-10-29 20:18:00,2017-10-30 20:18:00
rf1c460c150be4d4cb6a41cc36b8fa0d,o58f0de53b3b5451f971f1b549a72eef,5,,,2017-08-12 22:20:00,2017-08-13 22:20:00
r3295defe9c274135b6eba1227a33b95,o8d0e24eedc5f4b44a25d42b1f7534ab,1,,,2018-04-21 15:53:00,2018-04-22 15:53:00
rfc80b283be80413ab2299d494688483,o6ba1a466cf66495c932017cde657fe9,5,,,2017-01-10 03:03:00,2017-01-11 03:03:00
r47914676d3ac4ecbb43ffbda9f2ea7e,o2f10a05a98a04de5af83b11343a4604,5,,,2017-12-29 22:29:00,2017-12-30 22:29:00
r4311de4c92764d92a5e8b1e3ee7702d,o8a27c8022a604a31b5c711ca98ada7c,5,,,2017-05-21 02:22:00,2017-05-22 02:22:00
r88f07fd0d9e246a285ebfb16d9f9b1e,o160b07f743724a8ba0617ea09559023,5,,,2018-02-23 20:30:00,2018-02-24 20:30:00
r1972cab35f184167b443bbc3d17f9e6,o980a825da67d4210bdbe2cf4bc33471,5,,,2017-10-17 22:43:00,2017-10-18 22:43:00
rffed7cca6561427a9060c0af54ae8e5,o2cf12687684747208bdce8f947bd104,5,,,2017-03-14 15:01:00,2017-03-15 15:01:00
r5e1999537dff48f0b33807925920b70,oc4aba1da7cfb44e0a6fad5e245c033b,5,,,2017-06-26 19:35:00,2017-06-27 19:35:00
r179652f4a55b4d76a578e918730b07f,o000a279911234479910ccf3f35777fb,2,,,2018-09-01 23:56:00,2018-09-02 23:56:00
r259dd2324d434f01ba3f5d05f48eddf,o4b4f271152cf440da00046242a9e6d9,5,,,2018-05-29 17:39:00,2018-05-30 17:39:00
