seller_id,seller_zip_code_prefix,seller_city,seller_state
s61a1b83494ce4c119d9ba233dd5cf8a,79047,brasilia,DF
s55c49a6678134d889462cd28b34c53f,59008,anapolis,GO
sc8c08dc14a524da48d7b953f9fd29e9,72810,caxias do sul,RS
s76118a622a8a4a6f9c38c6703a793ed,98472,feira de santana,BA
sf5c33c9f1d7a41fba661ceafde68030,99536,rio de janeiro,RJ
s006b166e1f1348178f854b08586fe8d,37347,caxias do sul,RS
sf15f5e4f742b4dba92127f8dd0ff524,36992,contagem,MG
sadaf7ff5227944a9aec04f812b3d7ec,38450,campinas,SP
sfa26dce7050f419e877b252162124aa,42904,sao paulo,SP
s5457f59715f14a66be670f7c47b960d,31311,guarulhos,SP
s1205c1737cae4d79805c591b9af712a,93591,curitiba,PR
s12911c3fd6ee4705bd431964beb5cc1,54424,santos,SP
s0ef725d99e794db5a29b12d8883d743,55496,rio de janeiro,RJ
sb6ecb24c190a48aca859fcb9d53597f,56069,guarulhos,SP
sc148465fc2574bd793d1446dd04ae3d,77556,recife,PE
sd942a2bc3ea54a209a970f3bbe01dbb,76456,caxias do sul,RS
scc010e9e51124776acd26b08b786c75,47105,niteroi,RJ
se81cb3c178604b39811eafab1e11775,55921,florianopolis,SC
s2a4c856b95204db8b1f762fbc9f3c57,36774,niteroi,RJ
sd9115cf05943475dbc757d0991b9042,51968,niteroi,RJ
s631ff1e6e97c4f1cb7507c0eef58e04,53994,belo horizonte,MG
sf52559682c644eb2adad5c7496eeb64,17728,porto alegre,RS
s3f2abab2451142d0927b8e58c4eafeb,78580,recife,PE
s4243bb6f10e041efa5d6808100ed7b1,57179,campinas,SP
sd7d9f62b3fc24153aaa048b23268063,24819,salvador,BA
