product_id,product_category_name,product_name_lenght,product_description_lenght,product_photos_qty,product_weight_g,product_length_cm,product_height_cm,product_width_cm
pad6eea1e34e34a3f817b63ffabd2459,,60,214,1,4656,41,19,16
pbc121a6b254a4c4eb01e1c974803be6,,26,792,6,9085,21,42,35
p25de0c9004f24bb094f18e735bb10cb,,22,130,1,3732,39,37,46
p509bda87e3b6423fbbf621ca59e7db6,,21,674,2,11881,79,31,22
p8fb70896ceb84a7aad90e793a9f0eb3,custom_demo_category,48,703,3,256,30,49,35
p3944eeaf9a3143eaa5c57c7142894c6,custom_demo_category,41,384,2,3677,53,11,13
pf637feccc06945a095f61b19b446423,custom_demo_category,44,199,3,5785,43,56,10
p63634b55ea534d4d868341458b2f8ab,pet_shop,54,227,4,1441,80,23,61
p67a6579f5be94c97bf63e690cb8f2f2,moveis_sala,43,691,2,11693,18,7,50
p5858aa7127ef4d19a19d364c506a14d,utilidades_domesticas,38,181,2,1804,58,22,37
p5e756c57f5df42a685c34b4e287bb82,bebes,30,479,3,3582,44,49,67
p886b74fbb3bf4f38a12011e1be6ea59,automotivo,58,750,2,8901,41,15,37
p6c571237f78245debef7d15b01c9c1f,papelaria,37,755,6,9275,38,48,28
pe5b1c6999481431abaad3399ebd0544,informatica_acessorios,34,132,3,6722,44,9,21
p049cd665404e4a23b77fa6578ef5dd2,instrumentos_musicais,40,317,6,8329,60,46,37
p56d4a06b6e5344daa32ba6c05426310,moveis_decoracao,36,242,2,9347,78,21,55
p574eca7d8ff14a419a11998c041fa85,instrumentos_musicais,47,697,4,6080,38,13,40
peda596b308fa43a6b1d1bc6235d7155,eletronicos,25,873,1,1946,29,45,18
pfde51743c162499099ab467cd16b2df,brinquedos,58,165,4,6402,69,38,24
p673442518a0647e6aff65aab31e8294,livros_tecnicos,20,796,6,2026,78,53,25
pd0a67f927a654796991779989350684,alimentos_bebidas,27,400,4,2741,68,5,69
pe6cf82110f004886bfd13ca520df92a,telefonia,52,880,2,8467,23,60,48
pc5bbaac5309c4599a2a63d01c2501e0,relogios_presentes,60,619,5,3408,29,28,56
p901a1f4bf37444a5965537a8a4ceedb,esporte_lazer,54,897,5,159,51,36,9
pdfb0f135b9644d549825519a0d211f2,cama_mesa_banho,43,414,2,1099,40,41,68
pedc80fd1520045b491de86e2286b78c,automotivo,25,849,4,1283,78,54,16
pb6597897533c4c8bbbb3fbdb5ba222d,moveis_decoracao,50,662,2,4492,77,60,46
p66b816b375f24cc9b7acdf195b14387,brinquedos,33,652,6,11452,35,50,27
p3d4c6cb70a334e188af937696d0e02e,papelaria,43,548,5,7547,25,20,22
pd5584df2dc684e6b8209a1550bf87eb,automotivo,41,121,5,9225,39,42,22
p711af43c57ba4cd59711a1745a022d1,beleza_saude,24,824,6,1114,39,9,65
p8610e01651304311b6a1f4ea93bde41,informatica_acessorios,41,172,5,4049,45,47,39
p9a51256767ba4e3bbcf4241a2767556,perfumaria,54,235,6,9505,70,20,58
p4af1afe2775844cea5a28befa3c2c47,eletronicos,46,294,1,1738,65,27,35
pcf84502e3cf849a9871f4f0cf698fa4,brinquedos,49,846,1,11182,22,8,33
p0f774a11e981433c92505e25955531e,alimentos_bebidas,26,354,2,3266,78,33,16
p87a9d8f95fa24b0d9981690ee8ec8be,brinquedos,31,385,4,4242,19,33,59
pf0f5adfc64604565ad99646d18ec339,livros_tecnicos,26,151,6,9006,11,10,67
p25f770c5758446b9b0bd73f00aa3221,utilidades_domesticas,30,516,4,8036,37,60,33
p3419b8bc6e2b493b9fa0ebba9f7d8db,informatica_acessorios,30,488,1,6546,43,55,58
pfcc0279719804f91a60dfa8887fd972,pet_shop,38,533,6,9255,72,14,20
pe7569b37ff02407fb5f3a0ff7c8ebf6,relogios_presentes,33,159,5,9033,17,52,28
p1e39bbe0e1b84d0e974ba25f11d72e9,informatica_acessorios,23,698,4,8388,77,15,11
p857420e1bf9446488d032728e26ec26,eletrodomesticos,25,290,1,9899,18,48,63
p60b62ebf0ae64d2dacfdb7afb57c567,utilidades_domesticas,45,222,5,4183,15,44,13
p60fc66193bd240d0b580cdcf8fb589b,brinquedos,57,678,5,5333,43,18,50
p9d9e6a3902694f77a5c7c12e7149529,alimentos_bebidas,35,371,4,2294,48,34,28
pefe2cb56e7b2498a960b3bcff296db2,automotivo,20,569,5,9374,22,9,42
p4af20803b99745228814c971463eb12,perfumaria,52,371,2,5868,18,20,31
p1f777446f8bc41e0a23653e376fa844,relogios_presentes,30,548,5,11676,48,44,70
p2aae6f6c368d4531b8719fd7d2d6d33,eletrodomesticos,20,783,5,5055,23,13,24
p7bb1795a51de48599d7d995b35c28e6,cama_mesa_banho,26,860,5,2696,44,23,46
pf81b502102ce4a3fb464e34c9df241e,perfumaria,41,308,6,10541,43,37,39
p835af0d0529045af990915a2ec0cde5,telefonia,23,194,6,7089,45,7,8
pc4acf1ac4151476cb5bebfa264ee63f,alimentos_bebidas,28,752,3,2797,66,40,53
pb082877195aa44bab7ecd8448e93269,brinquedos,55,109,1,1382,29,39,10
p6b56f1bd9d204158b018e11ef9f7fde,bebes,57,665,2,7191,26,7,27
p372737b81aed4a75b5b427fb45c01f4,bebes,22,466,2,11324,41,47,14
p2809d239a2a14adeb91293e56821d8e,bebes,55,516,5,2682,40,60,18
p6c8a16357a1b4222b92b1b10fd86cc8,esporte_lazer,46,125,2,5592,62,56,50
p3e8029aab7b240c595103e1d8e960d4,utilidades_domesticas,37,263,6,1921,58,60,10
pe55c31ab7d884e139f4a9163f6f9434,eletronicos,34,304,4,5878,49,57,58
p0d5a2d09296641ebb7aaddba1d03a14,utilidades_domesticas,34,124,6,3314,61,26,25
p0d5dab5d7281429bbc368021494a5b3,automotivo,37,459,6,8496,61,48,70
p49c8d19b6b0540dca498b1ddc092205,livros_tecnicos,41,128,1,4429,32,42,69
p9bc1dc95712949d4a6a475c06f0e317,telefonia,22,211,5,7269,54,51,58
p4f8b3f6c7ebb4c18b10d0dfef0ff02e,alimentos_bebidas,47,720,5,2044,59,41,20
p33da8d9719fe41efb89c2ed03899bc3,telefonia,22,825,4,177,76,56,42
p60b82755a5e942109f8e58892888e64,perfumaria,43,541,1,11032,52,44,28
p9aff35cd6ceb4ab786ff49401c78252,cama_mesa_banho,39,619,3,11076,62,25,33
pe7c23092c28748bdbfcb5abf14b9820,relogios_presentes,55,230,2,7038,58,48,55
pafeb3e0eea274ef5a1b5df36e4da611,esporte_lazer,59,682,3,6803,80,58,8
p043742593ba4468b92a3e823c6bf842,relogios_presentes,38,315,4,9652,51,34,36
p1c2dcd1be9504a99af096c49bf2ead6,pet_shop,33,623,4,2930,20,23,40
p4e21ca0b6efc4631973c89e2b48c62c,moveis_sala,41,195,2,11173,49,19,59
pa81a2d45d5b44205a5acddfdbc1e71f,perfumaria,29,125,1,4161,70,44,62
p9e0f0d43bc624ed6adada927eced29e,automotivo,49,524,6,9581,34,50,52
p8df5964ac6c84f6fa75c671783f9cdb,papelaria,51,509,2,2567,10,53,63
p99e24deb0ef8409ebdf8993f71be40c,cama_mesa_banho,47,324,2,11551,76,34,11
p56cdafda7d52401f96c331b07b18b7a,livros_tecnicos,35,224,4,2334,69,47,41
