order_id,payment_sequential,payment_type,payment_installments,payment_value
o09c9e1cfaf2f4fba8cc7d095dce2097,1,credit_card,1,476.46
of9bdc26ebe0b4f7caba669d7d19cfc8,1,credit_card,5,282.28
of9bdc26ebe0b4f7caba669d7d19cfc8,2,voucher,1,152.0
oa0f4c7312ac74a799b8de0fa3b68397,1,credit_card,3,717.43
o523711a61a814eeaa4b060da91b6ceb,1,credit_card,5,342.31
oa78dbbf2d7ac4395a61557cda2c9b27,1,credit_card,5,370.51
o46b59a5da90649f5bf4c65b013f2dcc,1,boleto,1,331.71
o60b8261b5f104b68ac700c19634afdb,1,boleto,1,427.23
o10f546c7013d4fb5a293feddca6a644,1,credit_card,10,71.94
o561880d893ba4c6aada68f0772dee5f,1,credit_card,1,316.71
oa1b58327013b476890e447ea05e0823,1,credit_card,5,65.49
oa1b58327013b476890e447ea05e0823,2,voucher,1,35.26
o3f5dcf6c54bb4ab79e0ab3b635ca89b,1,credit_card,10,175.23
o7decf8a5c115468b932422eb5c49ee5,1,credit_card,9,396.44
o3c0cc26dade7496bb41c87fac60bcf0,1,credit_card,10,310.95
odef2b4bab5a74dc79f5bed8ed536935,1,credit_card,8,443.21
o10ab2f49139342c289c3a3469c536f9,1,credit_card,3,842.94
ob4c125bf754b44cbb3604196dadbb8e,1,debit_card,1,440.21
of51b948447e84ed287c5ed5d3cee38f,1,credit_card,9,314.97
o99767d067a45406b8ba382ac1bdf4c6,1,credit_card,1,110.34
oa1a5ad3bafc6491198be2cdd608b673,1,voucher,1,308.21
obbc0744e17ac42eb8aaad0ff4c56b58,1,credit_card,7,190.66
oc7ab41bedeb943e6b8a46eb6ace49c3,1,credit_card,1,99.92
of00752d93e9247f7a063544b4e5ae14,1,credit_card,3,365.07
of8c44a1cc6324c5699602aa86865dae,1,credit_card,6,565.9
o362bfb06d52d4d27b594228f8e4f70e,1,voucher,1,356.25
o27f565ebeb8244d9911d54103445802,1,credit_card,2,450.93
of92c0e780c194ce884dbd6ca2cc377e,1,credit_card,3,404.17
o096e02cb10d247b6b430fb2383da8bb,1,credit_card,10,73.25
of0e038f6b6d34b18b003b99cfe60aad,1,credit_card,7,542.86
o7941f95a50f54b6180ac6189e66f558,1,credit_card,7,194.65
of71de19a4bb64fadb488c9638d6d16f,1,credit_card,2,491.26
oeba02b31c9d64880b7449ceaa42f5ef,1,credit_card,3,223.74
oeba02b31c9d64880b7449ceaa42f5ef,2,voucher,1,120.47
o4a3546f94c0849fea94b18a69b06759,1,credit_card,2,60.12
o9fa86d94834443c1839c83d8b392a22,1,credit_card,4,175.0
o17dd6e526fff4f56a836981bf394b53,1,credit_card,7,869.85
o3b93dd99154d42fabcfe113884cedd5,1,voucher,1,275.17
o9c3e4506b3b14b68ab9d9008648e31f,1,credit_card,8,802.79
ob5a40d0351a5463192b8c8c95ff8aee,1,credit_card,4,214.3
ob5a40d0351a5463192b8c8c95ff8aee,2,voucher,1,115.39
o4782e6c3ee2949ee8a6b8c2389bcfd0,1,credit_card,6,319.75
o4782e6c3ee2949ee8a6b8c2389bcfd0,2,voucher,1,172.17
ocea01d2a916c4e4fbb5809aa0ac721b,1,credit_card,6,333.42
o82b9ae2f23304dfe910ada0bca4f3f2,1,credit_card,9,104.24
oa812baf36af74b20bdfd5986827213c,1,boleto,1,330.75
oc63d15b69673426cb1abc96dbb78663,1,credit_card,2,540.64
ob00a5e9a8d5a4b96b5a2d0fdc09f11a,1,voucher,1,184.78
o6fb22c4745f24d3fbd655d7c2f68ace,1,credit_card,4,250.69
o77eb019cfbf54cc78059a07d4c102a3,1,credit_card,9,141.57
o25582b8b38ab4d2095eb916b100b75d,1,credit_card,6,318.53
o25a8e06130ca4f669366378593384bd,1,debit_card,1,456.94
o46a6335220a140b1b14163daf87cae1,1,credit_card,2,1035.41
o271fc904acf24e1390fae65dfd2ca2a,1,credit_card,3,336.33
oa7ed90f20aae48d9b81babac1c7b467,1,credit_card,7,227.62
o842cc06dc4f841d081b32e2ba83f39c,1,credit_card,8,595.07
o68e5cadd289e4a8fa9ab991440500bd,1,credit_card,9,450.24
o3bedd80fc00846f9b3ee5b170e083b6,1,credit_card,3,125.57
of1d5597daf7b4142b144168cda3a25f,1,credit_card,10,513.04
oc70bca9a7952432eaddc31c21c1c3ca,1,credit_card,5,86.51
o2e873292a4bd426d82db7da05745ac2,1,credit_card,9,470.51
o666351ad597b44a9aaeafd1e4023e74,1,debit_card,1,1098.84
o7b56afafd02f4d21a3b90d7fe6e38dc,1,credit_card,8,286.14
o664fb8a84472482280b854d2581a399,1,credit_card,8,47.93
oace0460179f4443abc5a3c4236162ab,1,debit_card,1,220.67
of288a480ed984fb8af3456874903374,1,credit_card,2,342.35
of288a480ed984fb8af3456874903374,2,voucher,1,184.34
od8e1dd7c492948168be60a746d92556,1,credit_card,9,371.01
o9b996ec1f28b4e53b8fad8088ad3b9c,1,credit_card,6,341.37
odd54da185107415f9c79c4cbb07770f,1,credit_card,4,620.89
o2b3fdceba16646bab654202b06b5be5,1,credit_card,7,591.08
o2b3fdceba16646bab654202b06b5be5,2,voucher,1,318.27
o3e3c16a12a274efa90b65741fbe2b89,1,credit_card,8,235.16
ocebec0809c8747dc8104d7288ffe96e,1,credit_card,7,309.19
ocebec0809c8747dc8104d7288ffe96e,2,voucher,1,166.49
o8bcc01f5fcbd4a7d83244025e622405,1,credit_card,4,126.05
od67f57af9e3443e1ac2af067f31f63c,1,credit_card,1,429.5
o0bbf343120924595803ecf3abaa25b7,1,credit_card,10,217.12
oe8e35b44eb864149af4066697131e77,1,credit_card,3,477.29
o70cad10145684749b77153204856a80,1,credit_card,9,325.16
oa07b0d4d5a85441e9f9c2705dd41a59,1,credit_card,7,100.42
oa07b0d4d5a85441e9f9c2705dd41a59,2,voucher,1,54.08
o095578c9aed14dcd9ae38b7f7af2e74,1,credit_card,4,394.72
o1d68c7e153364ed4a8f6955402c3824,1,credit_card,6,454.1
o21f58868a6c144ad8a3ed6f20cbd561,1,credit_card,2,725.51
o7c27e054e594461daff9eb34c9aad95,1,voucher,1,717.93
o913699501cfd415abc14130d7366ff2,1,boleto,1,270.88
offb5fa11635c4b49bbd0ad5bfafc971,1,credit_card,8,276.48
o3757c5c60d43484688580aa8dd6e90a,1,credit_card,10,748.65
o8763037ad354448ab341f881a7e1cd5,1,credit_card,9,72.33
o4f3006dcf10d4251aff5bd66360430d,1,credit_card,2,984.5
ob3954d2b98a54580bc6aca4199dece0,1,credit_card,9,657.49
o21da06296d3a45ddb3b8b159a38745a,1,credit_card,9,342.85
o1aee8534c9b44d30967daa793be8633,1,boleto,1,668.0
oad160e529f2f4497a1b4053a3b94f61,1,voucher,1,110.91
o1ecd220eb4514d258d5ab29a6e341a5,1,credit_card,3,363.34
o73600b0157b840c9aad2a5322506026,1,boleto,1,770.76
oa3cfda04833941d6946a29496808198,1,credit_card,8,139.17
o60327ea14aa147939d9077f8eea2d8d,1,credit_card,1,393.96
o7c1e26534e4b4b679f51150fc6b6bdd,1,boleto,1,237.38
oe5da657c4a2245ceb4cea3a0726697d,1,credit_card,5,253.42
ob976d62d955c4e6f822ab37be352932,1,credit_card,4,623.52
oa1ec907488074572bea5f30a108ec7c,1,credit_card,3,758.14
o0bff5bb557124266b75b020ba120504,1,credit_card,10,109.92
o263f7f4fdd2e4047b0f69b1c1da7e52,1,credit_card,5,379.44
o4130480147a4428aa8caf8bab72c043,1,credit_card,2,859.16
o4dd94b1392004eb5bf765f7606bc908,1,credit_card,5,174.6
o6d775618631f46bf8558df761b2bf67,1,credit_card,5,391.81
o69ac99f2c7cc405ca81302f64809431,1,credit_card,9,480.98
of305ca2028c643f9876c10eca7624f1,1,credit_card,7,81.58
of305ca2028c643f9876c10eca7624f1,2,voucher,1,43.92
oe3d3af48ab5d4b4883009a54d5f7f48,1,credit_card,1,338.31
o4c69b97bedc3496682910a1954c1e1c,1,credit_card,7,376.78
o1e612970d39d4d559b6376a1c44d7b8,1,boleto,1,458.56
o05964638195f4635a37b7dd4071a40c,1,credit_card,4,125.57
ofdb3ccd398cc461ea9b2407dd7d0a41,1,credit_card,1,306.92
o238df1a35e81446491050319cc6b774,1,credit_card,10,479.06
o838e7ceac47e4f87abe0fe478d4159d,1,credit_card,6,33.74
o2d87a3f767da4e8ba471ef9d1fee5ba,1,credit_card,10,171.36
o53419465c3e24420814474056b8a883,1,credit_card,7,476.5
oe6f0916fb4fa4010a2a1b2aa9ee235e,1,boleto,1,722.02
o81e0342148fc47d287428bd6ab0bc7d,1,credit_card,1,1021.59
of651c7ae1c1641389b6ec7d069bc3ab,1,voucher,1,197.93
ofb2725a2ef51429cb6282e75526e664,1,credit_card,2,452.08
oa62329c95acb4db7a94838cb82d12dd,1,credit_card,2,485.44
o83d82dd3c18a4bc5b6cd0c9631a6ae8,1,credit_card,6,439.2
ofcadf3c366464c67a206e9ac5a6df6c,1,credit_card,9,324.16
o8c6beb5c56d3449180a07a5ec78b3e4,1,credit_card,9,208.88
oc49ded661a6841c38576869b90d72fb,1,credit_card,1,449.69
o6b72ef1d51fc462d81a8ce79c76091b,1,credit_card,4,322.58
oc7de8c2816a94c559c81eff6a010cf9,1,credit_card,5,338.86
oa533e4447ba648f980aadb3577043bc,1,boleto,1,613.85
o06b87bfd993149f5896691e8aef9f07,1,credit_card,3,125.9
o1699789ef09f4094b38de6d152bbaea,1,boleto,1,396.82
oad33d79f85134afcb08f535aa19c98f,1,voucher,1,371.23
o06025fef6a964687813b126269ea627,1,credit_card,9,325.2
of96c9f8e5bf34a628918a6b29873083,1,voucher,1,389.68
o98e7973f50284cd6868742ecd1aa049,1,credit_card,4,359.13
o3308dd4d2eb04906b30bc5aded27a34,1,credit_card,4,117.75
o1f5dd93dc63a40d1b5d95033287cd5c,1,boleto,1,271.71
oe83c35b4c26d4601bc7057d601f2c66,1,credit_card,10,287.15
o402d479c5c7d45c6ac6b64a792eb5ce,1,credit_card,4,171.45
oc46f5b4aed0e465f9dd57cdb5febf88,1,credit_card,9,408.06
o8c9cb3ae6bff4fb28fd142add762243,1,credit_card,8,464.18
o9f77b76684054eb4821bb25d6da01e0,1,credit_card,3,49.1
o9f77b76684054eb4821bb25d6da01e0,2,voucher,1,26.44
o1f1086b6b07241f58d245b08445ef95,1,debit_card,1,274.69
oba64e666e66447d5bbd4ef8fdebae8f,1,credit_card,8,224.97
oba64e666e66447d5bbd4ef8fdebae8f,2,voucher,1,121.14
o74159efc87e043628fef177c19f7ae3,1,credit_card,9,194.46
o64713a19e1ca4615ace7abb71ba3523,1,boleto,1,418.51
of82fc18ed3a242b7b620a0fd312d0bb,1,credit_card,6,134.04
ocb4e6fab74914f51aec50d003a9ae3f,1,credit_card,6,235.27
o57601c79c41d44a5937e7c9aae515a3,1,voucher,1,51.14
o8586be5c9ce442169fec56ff4381ca8,1,credit_card,2,600.02
o870fa3cd9aef49238e1f0a1d6bf5e33,1,credit_card,2,283.7
o5197e5074a5448e1a6fc0a65223b908,1,credit_card,1,457.3
ob6c9c7cce7ca40e090a58c4d15e49ec,1,credit_card,3,641.71
ob6c9c7cce7ca40e090a58c4d15e49ec,2,voucher,1,345.54
o8362b9d147d94ab28274d899b14b5be,1,credit_card,1,350.06
o34642039070648be8760dafe65b8085,1,credit_card,9,482.85
o86893b5c3d624e4eab27b1e059910de,1,credit_card,9,444.82
o665a4c75a0074fa3bf04dd9723f49e9,1,credit_card,2,380.17
oe7c174e9a5934a788b745cbf42312d0,1,credit_card,4,682.86
o86b638f5560449d3acb569aad92bc18,1,credit_card,4,715.08
o3855906ae59742ddbb6d235d160f1e4,1,voucher,1,253.62
o8595065a97f34f22a86b3c9ff606899,1,boleto,1,1028.36
o21d1842230044544b32133d95040cc6,1,credit_card,7,91.33
odb1d323e050f406ba30a217b5419952,1,credit_card,8,219.78
odb1d323e050f406ba30a217b5419952,2,voucher,1,118.34
of4c3ac174a784c6a9b130e7a212dafe,1,credit_card,9,996.38
ob7ba442452ee4cbc829d01ddfbcc0f2,1,credit_card,3,140.76
o4c445b868a5342d68c2b53315a3a503,1,credit_card,4,233.15
off47dd95f1704d219d65e8cc38e4e76,1,credit_card,6,511.23
oef082fd43b0c419db5aedcb5d9da523,1,credit_card,7,174.18
o933266fc8c374776a7c653176ec4643,1,voucher,1,99.94
o6f4015ccea3e4f0496e518247abc868,1,credit_card,8,759.53
o78e1efaa1ea24a0cb1e8ff3bf0a811b,1,credit_card,6,335.81
oa48ffc2deef4428aa7fe2e58b0e832d,1,credit_card,2,626.72
o17d557a402774fc3bc0d7fdbe29ba9e,1,credit_card,3,636.37
o2d438aeecdbc44ae918552e8daea89c,1,credit_card,8,447.34
o1d2e5944beb14a5fb8e443eb8252071,1,credit_card,4,1137.44
o6ac826588b904503854cdd19f364b19,1,credit_card,4,596.75
obc10e8dddf78423f869c6e6c74029cb,1,credit_card,6,330.9
o2ac993497a5a4a28b2fde5e0cc342ef,1,credit_card,5,462.25
o9f26174bf359437c8bfb356d8c204a8,1,credit_card,4,355.58
o89fce966b6ce47568b09343b613dd7e,1,credit_card,6,817.63
o24ed16852eb2481d9ac644fbba5e0bb,1,credit_card,1,195.83
o0fad60fe2a4445eba745dd9b452600c,1,credit_card,3,205.11
o45461c5b484245b6b91eec88e26c4ec,1,credit_card,7,263.39
o45461c5b484245b6b91eec88e26c4ec,2,voucher,1,141.82
o90a7ca806c0141b8b9e61b52e1c5814,1,credit_card,3,209.71
o90a7ca806c0141b8b9e61b52e1c5814,2,voucher,1,112.92
o289a3e1612dc44bdb709cb02eae8576,1,credit_card,7,74.34
o3e19a2e7d35f4763a736139114c09e0,1,credit_card,2,458.92
o0c7ba0cc313244beaf0f3607572671e,1,credit_card,2,255.62
offedf1bf90aa44d08d7646d3ff80558,1,credit_card,10,271.94
oed588825ddd644fb96db1b36479d198,1,credit_card,9,460.83
of21b210cafd643e6aa71bc1b8b25f9c,1,credit_card,7,396.38
o162ad88b1f6d4be0b6cf9536a44731d,1,credit_card,6,359.61
o5230a5c450d543ae9e09f3d38e33477,1,credit_card,9,381.07
oc34f2fa5c4a942919d69a2fb09cbd63,1,boleto,1,246.08
o5196519a86974c3e9798e235de202a2,1,credit_card,7,354.36
oaa4166372b7040d9a9bedc151a0a4aa,1,boleto,1,434.62
o68f8d7e5e6e54284b41e29001be5591,1,credit_card,5,143.49
o9b469c2d7c79411ba805d4efeb6877b,1,credit_card,9,726.16
ofe1d97e02b2c476e99b5a68d671bfc3,1,credit_card,4,228.07
o492e2d6645144de4a50f8020653c15d,1,credit_card,9,404.77
of148864dd68c41b2a11395742ec9bed,1,credit_card,1,107.02
o5d97281aa88d477fabec57afa7e5dbd,1,credit_card,8,634.92
o42caf361a5e8430cb6fb5aa87c359b5,1,credit_card,4,281.92
o06df941860d2474b952f2bf85587edf,1,credit_card,2,574.14
oa20f468edc5b4e23b94f797c026e470,1,credit_card,10,561.39
oc68b8872f69b4d248991a99b7e1f7d7,1,credit_card,7,309.03
o7fdcc6c0bde84407982ef15256f4854,1,credit_card,5,660.34
o1bf3010bdae1462db92fc3a5c89cf43,1,credit_card,4,204.92
o44e4371d7f1e428ebd4a8324c2fe876,1,credit_card,9,397.72
o5a44f75abe284ef6ad970dc56fb2f02,1,boleto,1,216.16
o1bebfd3353504f2fa9786174fbae7e0,1,boleto,1,393.54
o95999b007ea744a7a73ff536e41c488,1,credit_card,6,302.3
o504ae8c0ea3840859ef0d3495c23f6a,1,credit_card,7,771.99
oab81752f20cc4ae8a65b7d886db8b3d,1,credit_card,9,104.56
of805cf0c63d14a0db9b704c16292ce7,1,credit_card,7,248.16
o68a9a3eef58f41e780d1c7e28fab6ec,1,credit_card,3,260.51
o68a9a3eef58f41e780d1c7e28fab6ec,2,voucher,1,140.27
oab3d18c8f4134159b08df7c3d7458cb,1,credit_card,5,663.98
o953eb45034a84fc9acccfa717c77675,1,credit_card,8,743.38
ocd3f26fec063402bbf63f3b3c932d9e,1,credit_card,9,1090.62
o9a84927a7ff04ef2b1bba0be7489c2a,1,boleto,1,303.5
ob39ddb3e7567430398a6220e815c395,1,boleto,1,456.32
obc6b88a359c340b4992988180207f2a,1,credit_card,8,101.36
oa67c9037f2d94e77af9846293ec4962,1,credit_card,7,372.22
of631a6b5a30b4815914074e7c3120e3,1,debit_card,1,503.81
of36ef8364ca94ccd8630da9c52c57b7,1,voucher,1,133.33
o70a0ac78fff647a88669ce3b5867645,1,credit_card,9,209.31
odb480b6deeb34187a84ce82270bd098,1,credit_card,10,299.56
oe61d2e1608aa4db3b5aba8f10c8a769,1,credit_card,3,209.98
oe61d2e1608aa4db3b5aba8f10c8a769,2,voucher,1,113.07
o1dc157b9a78d4a67a35a2d389b907c0,1,credit_card,5,872.77
o38fb39ae0d4644b7bb6bde46e85361a,1,credit_card,10,489.71
od02302bd9e284a0da17e416f6aac0e0,1,debit_card,1,436.88
od65065d4aae7428499e6ddc4ef58ed2,1,credit_card,6,372.07
od68833ac9d2a455eb885810ebeeaaaa,1,credit_card,6,459.32
oae7931f90c014df08a9cc9f109a9acc,1,credit_card,2,503.47
oa76e4778d87a45369b58c96a517418d,1,boleto,1,530.89
o438ddc6d0ee345218606a790aaec3b2,1,credit_card,1,339.31
oa7eaf3f5f22e483e98e4b6506178cc2,1,credit_card,2,220.79
o1b94f42d027f4641b869503e6509710,1,credit_card,4,259.25
o04032cb72f0d4552b83935ec30c0666,1,boleto,1,230.89
o8a5dd80ec4274db49f147024975ea2b,1,boleto,1,207.4
oee1a8b8e924341bab31e800b4ad6bf3,1,credit_card,10,89.19
o180eaa83834247fbabf0530598c2ff1,1,credit_card,6,274.5
of073fedb9e0b4203aafa902c686bab6,1,credit_card,7,821.79
o4d4e6eb7c3984928964e598d783e01f,1,boleto,1,636.41
o3b79b84a3a984bdfbad4a8f530db571,1,credit_card,10,231.48
o087ace81d52d487dbe79c96f38e46c2,1,credit_card,6,398.81
o087ace81d52d487dbe79c96f38e46c2,2,voucher,1,214.75
o2e145e83f58b45b3a47266dec8b3c0a,1,credit_card,10,235.96
o45f44d862ce34a5f8aa4c2685f58f9d,1,credit_card,2,257.63
o45f44d862ce34a5f8aa4c2685f58f9d,2,voucher,1,138.73
odb15c7925a934a50b6b6a3e0ca930b1,1,credit_card,9,116.83
o75d1ed77f6974ccca343118422c90be,1,credit_card,4,967.58
oc399cdcbfc064f6baf58a678e829f42,1,credit_card,10,154.81
o724d03dbc2be4e6eb32ee7bbc299ae4,1,credit_card,5,279.3
ob00396c0785d4e0eae88d7541709507,1,credit_card,8,751.73
o9460f9d25b884401a606e074f872657,1,voucher,1,300.89
o5c4c8dc7ee924fffb456e24ec72cbe6,1,credit_card,6,352.57
oc6559eb6b0174b63a72299c1df58634,1,boleto,1,348.84
o508895d0c041446e837c785f9a2e398,1,credit_card,4,640.46
obefab19d84cf4532a2864b350f6aa0c,1,credit_card,4,441.37
of3ba20474d0d43dfaf42bbd4458bb4d,1,credit_card,8,106.35
od192d34ec607407ca59554c887451f5,1,credit_card,3,369.2
o3291a021da10402d83918e6149b96fc,1,boleto,1,482.04
o63f713fe4c694e6292847ee4350ba4e,1,credit_card,1,532.72
ofc5959bc2b544a81b7d19402fb0f656,1,credit_card,4,133.32
ofe300cf0452d453481993c0e16a3674,1,credit_card,7,284.21
o2cf2f1cc2cac4899809e579c9a9bd16,1,boleto,1,52.0
o16bcb27b4beb49fe8239ac520d72ecb,1,credit_card,8,240.11
o403e375d00324bf085317df113476bd,1,credit_card,7,346.53
o7e8f899dbf484945903e832d57d22d2,1,boleto,1,1331.88
o14de6f7d59c144a0b9f4df9c9a801fe,1,credit_card,2,411.49
o266221164eea4bc190d2d6d7cd5620b,1,boleto,1,543.13
ob5a0e0ce8136473bac4ce9f83f07f0c,1,credit_card,3,734.62
oebb4cd04b2074a1da206833d0cf0a8d,1,credit_card,3,178.5
oafb98458b97f499abc2b9d0da93b75a,1,credit_card,8,481.02
oc7a71a589d5e422b8489d89ace29800,1,credit_card,8,112.3
oc7a71a589d5e422b8489d89ace29800,2,voucher,1,60.47
oc9a350a18acf4c2ea664719462aa8c1,1,credit_card,8,497.68
of6b97b1a64f64f899f959f2c0139271,1,credit_card,3,183.86
o483eb69552184dd080bb624a99ecdc2,1,credit_card,8,31.83
o3f7676076d994a499c0e77a0f0155c8,1,credit_card,5,258.92
o3f7676076d994a499c0e77a0f0155c8,2,voucher,1,139.42
o44a65bcc0a9b4832a1b5f35f4da2ba6,1,boleto,1,141.99
oa37cc5c9a0064398afee6b5ffc84970,1,voucher,1,383.5
o7810117bb66249d787b75e20ff67d1a,1,credit_card,2,305.77
o1713ce94c2064a67a351bc5d9e995fc,1,credit_card,5,74.35
o684531f07c524494982ed33a4fcc2eb,1,credit_card,10,351.43
off4e2a9a86174f4695cab28dd93719a,1,boleto,1,319.42
o9a1cf03f037e4e8fab90cf5068df7f5,1,credit_card,8,179.39
o231577805fd6419da46e84181cf66df,1,credit_card,10,311.57
oad5ff54d79054821bead88f2cabbe05,1,credit_card,8,186.11
o4c816f23f7fd4517b8a5c4b2616828b,1,credit_card,9,222.79
obb407400040e4a0e9c82ed7eddc8f86,1,credit_card,3,313.23
od70823c239454d5aafaf45c5e8c4b86,1,credit_card,10,360.26
o41e7a47e9a2f4f8f80abac163651481,1,boleto,1,98.23
o1cca9b0d1f874b758160ca69981ab6f,1,credit_card,6,332.88
off689e66b8b040dead10cac5e823c30,1,credit_card,9,397.19
o32302edb28144fe1ad5e768589c8fdb,1,boleto,1,276.8
oc2cc0bd2f030426daaf1ada0956c205,1,credit_card,3,264.36
o77d22556afda498d8ca605aa5987109,1,boleto,1,232.53
ob1587516082b438682d888da81dfa9f,1,boleto,1,510.64
o4e97012f40e541369e69a05693faff1,1,credit_card,1,143.55
o4e97012f40e541369e69a05693faff1,2,voucher,1,77.29
o4bd36538a14c4938b56595dcd932701,1,boleto,1,207.07
o24af40d0591a4b8eaf945ba16a1b15b,1,boleto,1,684.95
o882bfadb2f104a518c2f744a22655f1,1,credit_card,6,638.06
o680ccb62b47f483a94801a90274ee16,1,voucher,1,244.05
o085fea75142442d8bd2991e9fe72b03,1,credit_card,5,248.42
o6f13beedbbc94c11b6f4bc280c6e5b1,1,credit_card,6,312.39
o50560a52a3e14daa962ed5e61dd7d5e,1,credit_card,6,644.15
o169103c66be34e3f9b73693e8c6699b,1,boleto,1,46.88
ocbabbc315e134ab9b5713d5b2c69a92,1,credit_card,8,339.82
o3d04170f26cd48cab3e5b7a422c4a8c,1,credit_card,8,725.75
of019a5fb7d6542c3a604c9baf7905e6,1,credit_card,5,262.66
o8c60bb5562ee4cb99445230c44de82e,1,boleto,1,385.66
oe863a696b9bd4c8ca9b46a3dccb377b,1,credit_card,7,358.79
o7717cb8c9e4d47b4b59a5116845529f,1,credit_card,6,203.5
o7717cb8c9e4d47b4b59a5116845529f,2,voucher,1,109.58
o58c567e223d54d0abe1d79abad73074,1,credit_card,1,463.25
o5910b444fe7a4646b7ce37bbc45b0b0,1,credit_card,2,318.56
o4c513064f8bd45d98b12c8a20b948af,1,credit_card,10,376.13
o5ff476d4849d4974a07060701002ffc,1,boleto,1,175.7
obcb3497759ab409caef7dd95ebe89dd,1,credit_card,7,42.62
o54be37ef74d14ce5933734d2e5680f6,1,credit_card,2,276.74
o00aa9c1ea0ac4a67b6bc47dc317ce4c,1,credit_card,7,313.65
oee04d53a5a13498c8a49b9c08501909,1,credit_card,5,107.03
oee04d53a5a13498c8a49b9c08501909,2,voucher,1,57.63
obe014c02650341d1bdf8c8a052659c0,1,credit_card,8,555.22
obe014c02650341d1bdf8c8a052659c0,2,voucher,1,298.96
o1c977a8dab064fbc9773940c9d7db6c,1,credit_card,6,284.02
oc1542653dc7b4808ae3189d067979df,1,boleto,1,379.42
oaf6065a70ec54a978b6f848ca9ae015,1,credit_card,10,92.29
o65dcf00585ae4cb593eacf311f3f1d6,1,credit_card,9,294.33
o2fdcb672d01349a0b64b81456743eab,1,credit_card,5,114.58
o2fdcb672d01349a0b64b81456743eab,2,voucher,1,61.69
o21490777f76c4d2fb0579fb4b623e6d,1,boleto,1,181.63
o9a4e1180051f45929cb04b3f0617109,1,boleto,1,361.53
o8ef11ec7e48b48a5bc2af981bb84750,1,credit_card,1,885.76
oedb119304d124a63ae2532c929e2017,1,credit_card,5,242.25
oedb119304d124a63ae2532c929e2017,2,voucher,1,130.45
o8dd5ecb0ea3b4ab4ba34d1d03648ad7,1,credit_card,6,733.18
o0cd28aaae3854b4ebe52f733a215487,1,boleto,1,68.6
o4f5d5d4a72af4fdd8e85aaa3db06777,1,credit_card,8,814.98
od6cace7b3c054e6690e5663085c7e2f,1,credit_card,5,101.79
oe2fd85a4ec4e43c7b40b2963caacc29,1,credit_card,9,153.24
o2040781777ab4247b8f4e0f2f9f06ca,1,credit_card,9,379.85
oc361630ce8c9492eb18b7f83d9d13b6,1,credit_card,7,101.49
o5bef261cc3a2429297035ced30eb17f,1,debit_card,1,611.37
o90e96970ff914689a9dee147a5fbb03,1,credit_card,2,371.69
of4d39dbd9f1b4af58709628f51ff2b5,1,voucher,1,45.48
od3a3eccdcba542d78a88511bff13f69,1,credit_card,10,247.87
o96e317d4b4074067bcb03ef10d3b0b6,1,credit_card,1,369.09
oeab1b3ef62504b30ac395cbd3dab02a,1,credit_card,4,71.21
oeab1b3ef62504b30ac395cbd3dab02a,2,voucher,1,38.35
o418570f8ae9144b5b2a8187109452fa,1,credit_card,10,564.51
oe940c35a57794016a9614a93d5e674a,1,credit_card,5,296.34
of7340c5fb9c141d7b2f4c49a791b40c,1,boleto,1,457.26
o29cda3fbdd054c5794c62816181be48,1,credit_card,3,407.19
o29cda3fbdd054c5794c62816181be48,2,voucher,1,219.25
o5249a27bf3d648e2a8dbc17eb632521,1,credit_card,5,372.32
o604d896336a3447eb738d7a094a7e27,1,credit_card,8,253.31
o26b85c8b52134891962abdf3055fc08,1,credit_card,7,441.29
o2d5cd2e5b30f4cc7a0dae3acc510efe,1,credit_card,10,377.28
o981d3c9454a14a13895697189fc380d,1,credit_card,8,764.32
oba7882852883457296c6768c30e09d1,1,credit_card,6,267.55
o22eefeb8f71a410e87bb22a993b7fca,1,credit_card,2,429.81
oded68877de8444d48faf525c7d9ad66,1,boleto,1,499.45
o760f9c80a4ef4a2dac462ff3de7d1a6,1,credit_card,4,429.65
o133614b8a35d41c5b78b774718f4897,1,credit_card,10,393.16
oa4788be75a4d485dbd0986b89dcb196,1,credit_card,10,135.06
o04968f1f89e44791a87c2a599ab60ca,1,credit_card,2,94.95
o14e57f0a20e4496eaee794ac27ed9aa,1,boleto,1,71.78
o8e4d7c0e47824a66a6cb618969981ea,1,boleto,1,517.64
ofddb27f390a9491c9e63ba0f2c84ce3,1,voucher,1,390.17
oaa9fa90f8cbe41788ecd4d1f892f50c,1,credit_card,5,125.74
oaa9fa90f8cbe41788ecd4d1f892f50c,2,voucher,1,67.71
od4144bf14fc44ac59ad598d2fa48e98,1,credit_card,2,81.37
o3f666d5522d04d418bf29d59f537445,1,credit_card,7,225.51
o3f666d5522d04d418bf29d59f537445,2,voucher,1,121.43
o3cb7fd02c7c247429e9c02ad0a6b11c,1,boleto,1,442.85
o9339bf232a5c405d8b43de38394d75b,1,credit_card,4,105.02
o9339bf232a5c405d8b43de38394d75b,2,voucher,1,56.55
o0d4c27937bb140679165d9cd64a8c68,1,credit_card,7,135.27
ob59b9a59df7b4f8998bd616b81ec9b8,1,credit_card,7,74.77
o42d8cfd9fa2545c9aa95dd7cf9355c9,1,boleto,1,594.66
o095917fa9d884f38acbdae5353b620c,1,credit_card,4,61.99
obf4aa942e03c45b5a4f562d2e06c676,1,credit_card,2,253.14
o0776bde18f814454a3872ae55f2e8f4,1,credit_card,8,535.46
oe778acf4da744b37ac5f0672cf28248,1,credit_card,10,464.55
od2144a3628a94c45a666891f464a1e7,1,credit_card,4,361.28
o177b86d43b884d739ce73388f48bd51,1,credit_card,2,352.61
o680ad36fa27542e289e3aa718c19c3d,1,boleto,1,149.59
o5ed12206eae24b4d8668230bdb30587,1,credit_card,3,172.19
o5ed12206eae24b4d8668230bdb30587,2,voucher,1,92.71
oe5d0bdaa950e4a00852b4b68ed47e03,1,credit_card,1,91.67
ob7502001ef514554a4a646c3ceec749,1,boleto,1,600.91
oa35751ac2aae48f38aee70c3dde7aaf,1,credit_card,8,889.14
o1221a280dcae4264bd54c3a4640c970,1,credit_card,3,191.47
o0110fc166927447aa8f24e7f7eb9231,1,credit_card,7,603.95
o5b6a71b075fc46a3857000754f01f98,1,credit_card,7,271.06
oe0931aa611024cc0ad4176b27b2037f,1,credit_card,1,264.78
o01672a1f6aa449d7814e7f874e647e1,1,boleto,1,749.8
o118760a48cb3407896a678e16a3cc24,1,credit_card,3,554.33
o70f4c4abd1ab4f8a81f549a57ff5fa4,1,credit_card,7,688.54
oe751beb0e89142d4837faec9a9686ee,1,credit_card,2,145.7
oe751beb0e89142d4837faec9a9686ee,2,voucher,1,78.45
o3fa31f27a04f4320bf046baf8e6c0a3,1,credit_card,10,127.83
oe622cdf3b85c4ecaac35fc078ec27e8,1,voucher,1,405.49
oabb9deaad9e14cf4ab53b5709f0bcab,1,credit_card,9,582.33
o2399e751dcb4492cabaf1fc28cbc856,1,credit_card,7,113.23
oa6202dcad31746f09b76946c9bc4058,1,credit_card,7,140.65
o1c0dd9d9f2a444fca635d13e1c2986f,1,credit_card,2,242.19
o2c207fe0e65a4611b929bb9ed2c147e,1,debit_card,1,214.63
o100ce01b68f5493f9cf2dca1601e80d,1,credit_card,8,398.91
o6bb80826f6a5460ebacfd9751a9fc60,1,credit_card,10,300.68
o7c1b2a39a3d4477f9c54d941f0d7c54,1,credit_card,9,236.93
of2f40c52d55146b182dbe2a24fdb070,1,credit_card,2,432.6
o72ff3700e661407d8b529a2b558f6e2,1,credit_card,6,509.31
o4bb7021691ee4708a10c533cc90de18,1,credit_card,9,247.21
o8453ce23a6e541008eebfcb9877dcea,1,credit_card,5,165.98
o8e2e8514bdaf4bdcaf3f5258f86405a,1,credit_card,6,283.54
o5ff1edf58da0484c9bb29c834fb5de4,1,credit_card,2,176.84
oecbb36509e0b42ba89ea46a751bc3c5,1,credit_card,6,215.56
ob991d2fffd7045429556ac5cd8699e2,1,boleto,1,351.97
o9d3f9f1d48e942ad963a509d0a73f46,1,credit_card,9,387.15
oaa5b3dbd432349728632c97c9d74eed,1,voucher,1,74.59
o887f1e563cba4493be4a120ec348aea,1,boleto,1,452.55
o23228222568c46b2a4bc6f3106dfafb,1,credit_card,3,250.45
oc2fa87aa1bd64712980e14ed4fc7875,1,credit_card,9,696.56
o14a105d30b91442fa78a39caf2a9ac2,1,credit_card,8,257.82
oe5f8e5df55a54951aad877052685c7e,1,credit_card,7,108.01
ofc848e6f9cbf470b96cc3c6f84e323b,1,boleto,1,365.25
o6e2d9b1ebabe45a69bcae75ebac298d,1,boleto,1,263.07
ob0e41742a79e449a829cd58d3c506fd,1,credit_card,2,73.71
o49f70aadbc804f0aafa527a60b6a091,1,boleto,1,868.87
o5438de58adb1414097af83d03cbeced,1,credit_card,7,375.04
o615582bf8db447349fd39f59dae3641,1,credit_card,2,238.17
ofcb1d02e7ae84fedb1f77ae914c3c8e,1,credit_card,10,695.23
oc4d6ba6ce28445d79ef214ee60339fe,1,credit_card,1,862.54
oa286be4c0be84607b0d0a08c194e0cf,1,boleto,1,241.3
o3b9fc654ccd740539037afad0da0d16,1,boleto,1,87.17
of1a5bc27979542089ae8104670154f8,1,credit_card,5,46.49
o305d2291a3934266afa41a39e79c4df,1,credit_card,8,326.19
o74b042fae67944c89d53121e85dac6e,1,credit_card,7,381.97
oa9765f4fa6904055b5f7e6c324b3f8d,1,voucher,1,524.98
o3fd8e347bdc64fafacd0f7df542e577,1,credit_card,9,235.11
odbf44d4bcbab4c728861a483c32db46,1,boleto,1,217.69
o4fbc46eb83b440dca65c6fb85f3d4d7,1,credit_card,5,482.63
ocf2eed7e33a74e97b1dc89276e1885b,1,credit_card,2,333.59
obbd0c11e3c7343e9b6d953666941aeb,1,credit_card,6,268.17
ob3aab2d0b66342c08d2aa95264895b9,1,credit_card,8,404.97
o39a80170bb6d4ca487354ae833aaa60,1,credit_card,5,258.95
o39a80170bb6d4ca487354ae833aaa60,2,voucher,1,139.44
od78b206baef64a2193d7e6c8dc8e4ca,1,credit_card,7,216.96
o9b4ac8f485284a0b8918a33376b3902,1,credit_card,9,451.57
o68353b62eecd441284b5a1aa6304f67,1,credit_card,7,432.45
o19d4a3da1ae84c4d9107378c8e0e2d5,1,credit_card,3,908.63
o835bc0443d2445f2b7bbf9609a2401b,1,credit_card,2,101.7
o835bc0443d2445f2b7bbf9609a2401b,2,voucher,1,54.76
o398c4b8386f44cb5a0175d87f9cf60f,1,credit_card,8,467.65
obd97dc98fca845c4b7b3632133f3d12,1,credit_card,3,341.51
o9f5a87fc1b8e4968a594d032c45768a,1,credit_card,4,315.82
oe0f4bcadd7a74ee688eeab0dcd6f504,1,boleto,1,216.76
o060d35f349fa430d99f8de18014ff0b,1,voucher,1,335.33
o96aa55a24fcc49d7b690ff7e13888d6,1,voucher,1,270.15
odc6e3dfcb4104712bbf673970147b2d,1,credit_card,10,56.81
oa86fb89d5e534c02849fa540bfef693,1,boleto,1,109.53
o2a65788eb407472fbbabefb035d927d,1,credit_card,3,434.06
od42611e1e8694cc4b08316ec4e677ad,1,credit_card,3,626.85
oc91bda21567442d290e8f98eab89aee,1,credit_card,4,467.85
o98b9b1fe190b4714b49e01a0d919c8f,1,credit_card,10,657.51
o60b035f94f6240f3bd0f6186f1bdbb0,1,credit_card,3,263.3
o824a48db33cd48bf991061708a3cc9e,1,credit_card,2,260.73
o659a0cd6db5a4535a2646ee561e081a,1,boleto,1,337.68
o04d4a6cbad6d43abbdf9a59b526f66a,1,credit_card,1,113.05
o838e310658604aeda2a73b096524206,1,credit_card,9,196.67
o93b2fc62e3f34409b03cb8b89f2b107,1,credit_card,8,497.09
o164ebe86ac054e12949f7664e2ee1ba,1,credit_card,5,938.98
o4e4a348b2c9c499d946d8ee95fda511,1,credit_card,5,620.14
of02097550afd453a8a32981cb4c605e,1,credit_card,2,668.09
ofda0c04291154c6fa8d74005120eac0,1,credit_card,4,126.6
o69a40ce9f78047abb6e3f0ab681adbc,1,credit_card,9,653.34
ofa2d8d83836e45cc8d08251ef2c4d56,1,credit_card,1,327.86
o96bd8801e2574762a06b64233492842,1,credit_card,2,303.33
o895685dd845845908f338c79ed26205,1,credit_card,1,250.51
o7502847076b047f6afaa4e9e15284b6,1,credit_card,10,226.84
o19e8a78c20fe4c19970172af9fb456a,1,credit_card,3,214.11
ocbc0353a3f04419b9cb504515d696af,1,voucher,1,341.21
o4b07d84d8024452f98677e958c306d5,1,boleto,1,454.97
o5a2b7f6a6c584fe8845cc0dad5464c5,1,credit_card,10,201.62
ofa0745e40183429a9c4dc2110743e87,1,voucher,1,578.26
oa2e186b74ca545fba6304ddb1ade4a3,1,credit_card,6,156.81
o4a22e2ecf61f4426a54ac7a494d534b,1,voucher,1,442.91
o7795e6683c1f46a3a834a718630969b,1,credit_card,2,1335.58
oda275ef0f9ea4cab874c7ba367b92ee,1,credit_card,7,252.98
ob4a44402cefb45c9b3285a3836d00dd,1,boleto,1,244.83
o7e179665707f47b7bd7fa32a752929e,1,credit_card,6,380.8
oc8c64bbaeb764e3687ed7da99e69ece,1,credit_card,3,318.71
o6d1a492115f94a53835c6e96cc22d35,1,credit_card,4,186.71
o6d1a492115f94a53835c6e96cc22d35,2,voucher,1,100.54
o77197d3a8a9144359e52c996f89d376,1,boleto,1,80.38
o19f271fcb93e428ebf7c5a1c8b2bef8,1,credit_card,3,746.26
o55d230b97f1b4c11befc74e6b04aaa4,1,credit_card,10,155.43
o8ef7d662815d4cd69443a939885d5ac,1,credit_card,2,444.98
o79c0afb5b2c5450eabaf2921bc7134b,1,credit_card,5,191.24
od088c9cc8bfa4f148506b30fd2f18be,1,credit_card,6,351.77
o3773748fecbb4f7eb709511a2f85ef4,1,credit_card,3,372.27
o3773748fecbb4f7eb709511a2f85ef4,2,voucher,1,200.45
o9dd0bacc4829420cabdb790d0fd6298,1,credit_card,6,401.24
oe2755f1e995d4f04999ccd9cabb02f7,1,credit_card,7,317.27
o46920ab64c3c457dbddb2bff95fafbc,1,credit_card,7,362.38
o46920ab64c3c457dbddb2bff95fafbc,2,voucher,1,195.13
o6ca7819a99284db5ace2235717f6a32,1,credit_card,7,84.0
o25794803ec0c46b9b749e53b1cec59e,1,boleto,1,169.99
o532eaa4383fe4002ad08e1d08b35272,1,credit_card,8,177.59
od7cb8952b1ad4279a6b6a16df889ece,1,credit_card,9,532.84
o841bf5c47d7a4c9d9862989f4fc28c4,1,credit_card,1,488.57
obc87f096240b449db6f1155677ddaf3,1,credit_card,9,553.25
oa28b5364e4db4fa283612ba450bbbcd,1,credit_card,2,212.04
o7037a977cc144573bcb97b5e450e1d9,1,boleto,1,454.15
ob12ecd0ea8e9460185967f8dedd6abd,1,credit_card,8,158.81
ob12ecd0ea8e9460185967f8dedd6abd,2,voucher,1,85.52
o7905903cca7a4d9b8fdcc1e2d75348d,1,credit_card,4,451.76
o03cf6793218842128fa877831d634cc,1,credit_card,2,166.39
of8bde2fdaad541338925109525ac993,1,credit_card,5,387.66
oba4adc7d8f364cb4acf7cab6ccfc648,1,credit_card,9,474.26
o7104f2a0b157493792d96850679636d,1,credit_card,4,354.28
oeeeb387cec6a4aa490f762a8eb286bd,1,credit_card,4,125.94
oeeeb387cec6a4aa490f762a8eb286bd,2,voucher,1,67.81
oa69242f4b398462f9691d98dfd7ec61,1,credit_card,2,57.13
oe19aa9277bc746caa3e3603546f3779,1,credit_card,6,323.21
o490746e6ce5e4471a51c80d8c2ea7ae,1,credit_card,6,844.87
o0de4c6ee16cc4fe0b1b72b84be6796b,1,credit_card,9,124.85
o67bc7b1d6ab747f69e6722f704f0f79,1,credit_card,8,214.41
obcc73c494bc344bf9a9fdf253358150,1,boleto,1,492.31
o93576b5ff2a4415dbf8bc56fcc0bd42,1,credit_card,1,456.43
oed3223ac6809421c9fff8073c4470a4,1,credit_card,1,322.02
oed3223ac6809421c9fff8073c4470a4,2,voucher,1,173.39
o5f06b9fe0a474e668b15201c62d3805,1,credit_card,1,645.76
oaa7b4468cfdc4e4b85a9c094dc82d11,1,credit_card,9,424.59
oc58a1eced8f3418cb0fdf99d07c159b,1,voucher,1,388.88
o85e717f51198472fb151e718e2955ed,1,credit_card,4,694.5
ob9ae4d3a26c04ef9a43aa60e5988044,1,credit_card,5,795.23
o1c809b457a03434bbd709beb047c7ef,1,credit_card,10,116.03
odf1be12e4140497bb291bf301efcf49,1,credit_card,7,78.01
oc75b1ed10dcc4bbfaf391b3170ff49d,1,credit_card,10,196.04
o9efa9429258b42a4942db4d0f3df34f,1,credit_card,5,259.88
o04edd37f8a43425380113396cc2421f,1,credit_card,4,140.77
o20f55b649b5645fd95289dc9d756f4a,1,boleto,1,152.95
o1ff55f3532d04667bc3cbf4ee9ed2cb,1,credit_card,7,195.85
o5b8b92df5b6f426e9f4a33673d2ea1e,1,credit_card,5,289.07
o05adc01e966045eba2b0ec295e10491,1,credit_card,10,474.92
o2aeeb4e61df14311862e3bfc735dbdc,1,credit_card,5,153.84
od6713ad251d0463794bd2dbaafbf91e,1,voucher,1,343.63
o03b8b0e199cc4438bc557c5bdc1fb86,1,boleto,1,562.35
o5cae64fc330443aa89a37366fb7e529,1,credit_card,4,132.79
o5cae64fc330443aa89a37366fb7e529,2,voucher,1,71.51
oa07c8d7a581f433496da9bc76418b23,1,credit_card,6,284.07
oad118ba0057845708ef944f1c317239,1,credit_card,6,101.03
o191b9839515c4f59af1dfb7ec991da6,1,credit_card,3,693.94
o63f3a836e61843e9a3766dbc1d2cc3c,1,boleto,1,276.53
o0902ff83ab094f28bc9025262a675ed,1,credit_card,10,236.67
o083d704931c04edf9084b351ad33f1e,1,credit_card,4,446.62
o6dfc02bd2a7945d4b13c32e50a9d8fd,1,boleto,1,347.22
o74f5f49831174118a5da1a7d3db9b0f,1,boleto,1,876.86
od912ff60ddc04493ac8e01856855ecb,1,boleto,1,222.61
o9903084623684f298cea505df13bdc7,1,credit_card,6,360.06
ofbb08610dae44610939dad3be8e8e11,1,credit_card,6,276.34
ofbb08610dae44610939dad3be8e8e11,2,voucher,1,148.8
o045262f32be64ffdb109e99ff25ef8b,1,credit_card,6,150.12
o272b3d49c5234445a43582134af871a,1,credit_card,2,154.3
o4e3b1772c2a14a6985a6d9b1887f4d4,1,credit_card,2,265.59
o03f0ff2120ab4976a29c7cc33e19673,1,credit_card,8,68.11
o68920b6c03704b75b8e5714335f991d,1,voucher,1,271.52
o2b1aa240fb464bacb7d5ec427d1652f,1,credit_card,8,139.26
o2e67a74a64f6418d8fe98bfc4319142,1,credit_card,8,861.13
of153c2e07d7d420d95215d165a6e60a,1,credit_card,9,383.58
of43bb0a509aa47cb81ff7d5d67f31c0,1,credit_card,6,178.26
o625d873aa1f34267bb696196c332516,1,credit_card,5,195.91
o3450f35739744776b5d499f0e6ad6b5,1,credit_card,7,338.53
o32ee0e5aa87a4322a9610427198826b,1,credit_card,3,221.38
of2bc0235e3194950bf89376db4c254e,1,boleto,1,297.46
o65773282fb4d42c983d44b85f9997aa,1,voucher,1,432.88
o361c1769c5e34462b62db3fe1c04633,1,credit_card,4,220.23
ofe755fa2cbbd4cb08879caf57d162af,1,credit_card,10,67.72
oda18a952ba0649ce926df6868e0cec5,1,credit_card,1,191.86
of75e0e9b0cd3409fbe45ba88e5d60c2,1,credit_card,1,181.17
odcb87c75e432448e95b3350bc6d8f85,1,voucher,1,190.66
o52633190142f483da797a18ceb2e5a4,1,debit_card,1,206.63
oc8b098a9e9314f728c6dbd4ceaa4e6e,1,credit_card,9,284.24
oa3f21d4173aa4133810830047f256df,1,credit_card,1,738.98
o94f2c526bd27491093950846dc6537c,1,credit_card,4,342.51
oc59761cdb3a74212b793f1a0f3ad56c,1,credit_card,9,157.93
o448c61884a5645c59e2c3d67ff33a88,1,boleto,1,801.0
oa5914965ee774be4af9eebf8f3513f0,1,voucher,1,964.36
oe394ca6c9b64404daeff378f5a59bce,1,credit_card,5,555.0
o0ba43148f6cc401da8f788c7d7fb1c4,1,boleto,1,147.3
o04989f27292247278a008cdaf845b16,1,credit_card,10,178.0
o14ac5a818f93406faf269a519b579d1,1,boleto,1,62.22
o142e1448ab824d748b1044a3fd275eb,1,credit_card,1,434.2
o3bd17b8b2e634c399ef924cadb15bd2,1,credit_card,5,171.87
o7a46ecbefa7a40408aa01043b85f6ce,1,credit_card,8,184.1
o39aa5f1ef8f642cdadf9f67e039246b,1,voucher,1,876.43
oe2af4dd27e08485195abc715318ab27,1,boleto,1,204.8
o21a8d08fa2ac4c1984ffa17d5eb44cf,1,credit_card,7,876.6
o5f62770c18f94cd99fb8474c12fe541,1,boleto,1,976.67
oc63dd319f12a49da9c13929590c16f6,1,credit_card,2,356.62
o10a7c6ae52704871b73b2ca1ca00b2d,1,credit_card,9,169.07
of12eb5b593af48378a851acd67e92e6,1,credit_card,8,360.85
oc82f08a57fbc488f96370f70a537ca4,1,credit_card,2,286.7
o04483d2771d848f38c7c9ed678d44a2,1,credit_card,2,513.97
o640f671bdd914fe098a3fc777e8597b,1,credit_card,9,330.97
o7eed9be685884765a856efc1cdaab06,1,credit_card,6,378.16
o0fbe37adeb974d7ba3a5feac64299ca,1,credit_card,5,188.91
o5956045685ac44d5b10a22748742f48,1,credit_card,9,90.17
o456418ea3fab4ec59d3ff587bea6379,1,credit_card,4,427.95
o456418ea3fab4ec59d3ff587bea6379,2,voucher,1,230.44
o6d12ffdb92644cbc8e41ecf6371e357,1,voucher,1,468.22
od0bc1f9fdeda44139609eb740ed3883,1,credit_card,3,136.6
od39ed554c6a84a49acc20c1c6070f85,1,boleto,1,519.4
o58f0de53b3b5451f971f1b549a72eef,1,voucher,1,67.35
o8d0e24eedc5f4b44a25d42b1f7534ab,1,boleto,1,246.4
o6ba1a466cf66495c932017cde657fe9,1,credit_card,10,407.03
o2f10a05a98a04de5af83b11343a4604,1,credit_card,5,329.91
o2f10a05a98a04de5af83b11343a4604,2,voucher,1,177.64
o8a27c8022a604a31b5c711ca98ada7c,1,credit_card,8,629.21
o160b07f743724a8ba0617ea09559023,1,credit_card,7,220.29
o980a825da67d4210bdbe2cf4bc33471,1,voucher,1,405.42
o2cf12687684747208bdce8f947bd104,1,credit_card,9,902.25
oc4aba1da7cfb44e0a6fad5e245c033b,1,credit_card,6,363.41
o000a279911234479910ccf3f35777fb,1,debit_card,1,124.37
o4b4f271152cf440da00046242a9e6d9,1,credit_card,5,287.33
