product_category_name,product_category_name_english
beleza_saude,health_beauty
informatica_acessorios,computers_accessories
automotivo,auto
cama_mesa_banho,bed_bath_table
moveis_decoracao,furniture_decor
esporte_lazer,sports_leisure
perfumaria,perfumery
utilidades_domesticas,housewares
telefonia,telephony
relogios_presentes,watches_gifts
alimentos_bebidas,food_drink
bebes,baby
papelaria,stationery
brinquedos,toys
pet_shop,pet_shop
eletronicos,electronics
eletrodomesticos,home_appliances
livros_tecnicos,books_technical
instrumentos_musicais,musical_instruments
moveis_sala,furniture_living_room
